,id,phone,twitter,instagram,facebook,verified,checkins_count,users_count,tip_count,visits_count,url,price_tier,likes,rating,delivery_available,menu_available,specials_count,photos_count,here_now,listed,hours_days,attributes,Price,Credit Cards,Outdoor Seating,Wi-Fi,Brunch,Lunch,Dinner,Beer,Wine,Full Bar,Cocktails,Reservations,ATM,Breakfast,Dessert,Happy Hour,Wheelchair Accessible,TVs,Private Room,Live Music,Restroom,Jukebox,Music,Bar Service,Coat Check,Bar Snacks,Tasting Menu,Delivery,Street Parking,Valet Parking,BYO,Parking,Table Service,Public Lot
0,49e749fbf964a52086641fe3,3123724243,thegagechicago,,,True,,,336,,http://www.thegagechicago.com,3,879,9.0,1,1,0,981,0,843,"Mon–Thu: 11:00 AM–10:00 PM, Fri–Sun: 11:00 AM–Midnight","['Price: $$$', 'Credit Cards: Yes (incl. Discover & Visa)', 'Outdoor Seating: Yes', 'Wi-Fi: Yes', 'Brunch: Brunch', 'Lunch: Lunch', 'Dinner: Dinner', 'Beer: Beer', 'Wine: Wine', 'Full Bar: Full Bar', 'Cocktails: Cocktails']",$$$,Yes (incl. Discover & Visa),Yes,Yes,Brunch,Lunch,Dinner,Beer,Wine,Full Bar,Cocktails,,,,,,,,,,,,,,,,,,,,,,,
1,55669b9b498ee34e5249ea61,3127923502,cindysrooftop,,702271533235732,True,,,137,,http://cindysrooftop.com,3,617,9.2,0,1,0,920,0,1012,"Mon–Fri, Sun: 3:00 PM–2:00 AM, Sat: 3:00 PM–3:00 AM","['Price: $$$', 'Reservations: Yes', 'Credit Cards: Yes', 'Outdoor Seating: Yes', 'Wi-Fi: Yes', 'Brunch: Brunch', 'Lunch: Lunch', 'Dinner: Dinner', 'Beer: Beer', 'Wine: Wine', 'Full Bar: Full Bar', 'Cocktails: Cocktails', 'ATM: Yes']",$$$,Yes,Yes,Yes,Brunch,Lunch,Dinner,Beer,Wine,Full Bar,Cocktails,Yes,Yes,,,,,,,,,,,,,,,,,,,,,
2,556b5527498e3bb54be5ff78,3127923515,cherrycirclecaa,,977784172240041,True,,,42,,http://www.cherrycircleroom.com,3,178,8.7,0,1,0,169,0,240,"Mon–Sun: 7:00 AM–2:30 PM, 5:00 PM–Midnight","['Price: $$$', 'Credit Cards: Yes (incl. Discover & Visa)', 'Outdoor Seating: No', 'Wi-Fi: Yes', 'Breakfast: Breakfast', 'Brunch: Brunch', 'Lunch: Lunch', 'Dinner: Dinner', 'Dessert: Dessert', 'Happy Hour: Happy Hour', 'Beer: Beer', 'Wine: Wine', 'Full Bar: Full Bar', 'Cocktails: Cocktails']",$$$,Yes (incl. Discover & Visa),No,Yes,Brunch,Lunch,Dinner,Beer,Wine,Full Bar,Cocktails,,,Breakfast,Dessert,Happy Hour,,,,,,,,,,,,,,,,,,
3,53d6f406498e54a8e8dfb7c4,3125780763,acantochicago,,773395659366479,False,,,22,,http://acantochicago.com,4,76,8.2,1,1,0,90,0,63,"Mon–Thu: 11:00 AM–8:00 PM, Fri–Sat: 11:00 AM–10:00 PM","['Price: $$$$', 'Credit Cards: Yes', 'Outdoor Seating: Yes', 'Wi-Fi: Yes', 'Brunch: Brunch', 'Wine: Wine', 'Full Bar: Full Bar', 'Cocktails: Cocktails']",$$$$,Yes,Yes,Yes,Brunch,,,,Wine,Full Bar,Cocktails,,,,,,,,,,,,,,,,,,,,,,,
4,4ac7958cf964a52036b820e3,3124438650,terzopianochi,,,True,,,51,,http://www.terzopianochicago.com,3,67,7.9,0,1,0,238,0,106,"Mon–Wed, Fri–Sat: 11:00 AM–3:00 PM, Thu: 11:00 AM–8:00 PM, Sun: 10:30 AM–3:00 PM","['Price: $$$', 'Credit Cards: Yes (incl. Discover & Visa)', 'Outdoor Seating: Yes', 'Wi-Fi: Free', 'Brunch: Brunch', 'Lunch: Lunch', 'Full Bar: Full Bar', 'Cocktails: Cocktails']",$$$,Yes (incl. Discover & Visa),Yes,Free,Brunch,Lunch,,,,Full Bar,Cocktails,,,,,,,,,,,,,,,,,,,,,,,
5,551192b1498e8695352d33e6,3127826000,remingtonschi,,,True,,,25,,http://remingtonschicago.com,4,89,8.1,0,1,0,88,0,22,"Mon–Thu: 11:30 AM–10:00 PM, Fri: 11:30 AM–11:00 PM, Sat: 10:00 AM–11:00 PM, Sun: 11:00 AM–9:00 PM","['Price: $$$$', 'Credit Cards: Yes (incl. Discover & Visa)', 'Outdoor Seating: Yes', 'Wi-Fi: Free', 'Brunch: Brunch', 'Lunch: Lunch', 'Dinner: Dinner', 'Full Bar: Full Bar', 'Cocktails: Cocktails', 'Wheelchair Accessible: Yes', 'TVs: Yes']",$$$$,Yes (incl. Discover & Visa),Yes,Free,Brunch,Lunch,Dinner,,,Full Bar,Cocktails,,,,,,Yes,Yes,,,,,,,,,,,,,,,,
6,4aa986ccf964a520115420e3,3123327005,italianvlg,,,True,,,85,,http://italianvillage-chicago.com,3,227,8.1,1,1,0,284,0,129,"Mon–Thu: 11:00 AM–Midnight, Fri–Sat: 11:00 AM–1:00 AM, Sun: Noon–Midnight","['Price: $$$', 'Reservations: Yes', 'Credit Cards: Yes (incl. Discover & Visa)', 'Outdoor Seating: No', 'Brunch: Brunch', 'Lunch: Lunch', 'Dinner: Dinner', 'Happy Hour: Happy Hour', 'Wine: Wine', 'Full Bar: Full Bar', 'Cocktails: Cocktails']",$$$,Yes (incl. Discover & Visa),No,,Brunch,Lunch,Dinner,,Wine,Full Bar,Cocktails,Yes,,,,Happy Hour,,,,,,,,,,,,,,,,,,
7,4b87e738f964a5200ad231e3,3123327005,,,,False,,,3,,http://italianvillage-chicago.com/la-cantina/,3,6,7.8,1,1,0,0,0,1,"Mon–Fri: 11:30 AM–2:30 PM, 5:00 PM–9:00 PM, Sat: 5:00 PM–10:00 PM","['Price: $$$', 'Credit Cards: Yes', 'Outdoor Seating: No']",$$$,Yes,No,,,,,,,,,,,,,,,,,,,,,,,,,,,,,,,
8,4b217e27f964a520be3c24e3,3123841900,rosebudchicago,,,True,,,40,,http://www.rosebudrestaurants.com,4,70,7.3,1,1,0,85,0,27,"Mon–Fri: 11:00 AM–11:00 PM, Sat: Noon–11:00 PM, Sun: 3:00 PM–9:00 PM","['Price: $$$$', 'Credit Cards: Yes (incl. Discover & Visa)', 'Outdoor Seating: Yes', 'Private Room: Yes', 'Live Music: Live Music', 'Happy Hour: Happy Hour', 'Wine: Wine', 'Full Bar: Full Bar', 'Cocktails: Cocktails']",$$$$,Yes (incl. Discover & Visa),Yes,,,,,,Wine,Full Bar,Cocktails,,,,,Happy Hour,,,Yes,Live Music,,,,,,,,,,,,,,
9,40b28c80f964a52035fb1ee3,3124284881,,,,False,,,18,,http://vivere-chicago.com,4,12,7.2,1,1,0,24,0,8,Mon–Fri: 11:30 AM–2:30 PM,"['Price: $$$$', 'Credit Cards: Yes (incl. Discover & Visa)', 'Dinner: Dinner']",$$$$,Yes (incl. Discover & Visa),,,,,Dinner,,,,,,,,,,,,,,,,,,,,,,,,,,,
10,57b4829e498e835ea9052845,3127834084,tabledonkeyinn,,297941803648302,False,,,2,,http://tabledonkeystick.com,3,11,6.8,0,0,0,13,0,0,Mon–Fri: 10:30 AM–7:00 PM,"['Price: $$$', 'Reservations: No', 'Credit Cards: Yes', 'Outdoor Seating: No', 'Beer: Beer', 'Wine: Wine', 'Restroom: Yes', 'Wheelchair Accessible: Yes', 'ATM: Yes']",$$$,Yes,No,,,,,Beer,Wine,,,No,Yes,,,,Yes,,,,Yes,,,,,,,,,,,,,
11,57b47a10498ec361b714dba8,,brownbagseafood,brownbagseafood,890043531125522,False,,,6,,http://brownbagseafood.com,3,20,6.5,0,0,0,15,0,3,Mon–Fri: 10:30 AM–7:00 PM,"['Price: $$$', 'Reservations: No', 'Credit Cards: Yes (incl. NFC Payments & American Express)', 'Outdoor Seating: No', 'Jukebox: Jukebox', 'Dinner: Dinner', 'Restroom: Yes', 'Wheelchair Accessible: Yes', 'ATM: Yes']",$$$,Yes (incl. NFC Payments & American Express),No,,,,Dinner,,,,,No,Yes,,,,Yes,,,,Yes,Jukebox,,,,,,,,,,,,
12,57cdd4f1498e735d5bb57d74,3127331314,,,1551879595124752,False,,,20,,https://elskerestaurant.com,3,24,8.6,0,0,0,79,0,236,"Wed, Sun: 6:00 PM–10:00 PM, Thu–Sat: 6:00 PM–11:00 PM","['Price: $$$', 'Reservations: Yes', 'Credit Cards: Yes', 'Outdoor Seating: No', 'Dinner: Dinner', 'Wine: Wine']",$$$,Yes,No,,,,Dinner,,Wine,,,Yes,,,,,,,,,,,,,,,,,,,,,,
13,587049ab4f417a4e33681969,,,,,False,,,10,,http://edenchicago.com,3,39,8.7,0,1,0,39,0,52,Wed–Sat: 5:00 PM–9:00 PM,"['Price: $$$', 'Credit Cards: Yes (incl. American Express & MasterCard)', 'Music: No', 'Beer: Beer', 'Wine: Wine', 'Full Bar: Full Bar', 'Cocktails: Cocktails', 'Bar Service: Bar Service', 'Coat Check: Yes', 'Restroom: Yes', 'Wheelchair Accessible: Yes']",$$$,Yes (incl. American Express & MasterCard),,,,,,Beer,Wine,Full Bar,Cocktails,,,,,,Yes,,,,Yes,,No,Bar Service,Yes,,,,,,,,,
14,56258c49498ee48ae176e5db,3127339420,swiftandsonschi,,1562748870677620,False,,,30,,http://www.swiftandsonschicago.com,3,49,9.0,1,1,0,126,0,189,"Mon–Thu: 4:30 PM–10:00 PM, Fri–Sat: 4:30 PM–Midnight, Sun: 4:30 PM–9:00 PM","['Price: $$$', 'Credit Cards: Yes (incl. Discover & Visa)', 'Outdoor Seating: No', 'Private Room: Yes', 'Music: Yes', 'Dinner: Dinner', 'Dessert: Dessert', 'Happy Hour: Happy Hour', 'Bar Snacks: Bar Snacks', 'Tasting Menu: Tasting Menu', 'Beer: Beer', 'Wine: Wine', 'Full Bar: Full Bar', 'Cocktails: Cocktails', 'Bar Service: Bar Service', 'Delivery: Delivery', 'Street Parking: Street', 'Valet Parking: Valet', 'Coat Check: Yes', 'Restroom: Yes', 'TVs: Yes']",$$$,Yes (incl. Discover & Visa),No,,,,Dinner,Beer,Wine,Full Bar,Cocktails,,,,Dessert,Happy Hour,,Yes,Yes,,Yes,,Yes,Bar Service,Yes,Bar Snacks,Tasting Menu,Delivery,Street,Valet,,,,
15,4ff31952e4b0af32b659d571,3126248363,two_chicago,,185466948208974,False,,,46,,http://113two.com,3,115,8.4,0,1,0,120,0,141,"Tue–Thu: 5:00 PM–10:00 PM, Fri–Sat: 5:00 PM–11:00 PM, Sun: 5:00 PM–9:00 PM","['Price: $$$', 'Credit Cards: Yes (incl. Discover & Visa)', 'Outdoor Seating: No', 'Brunch: Brunch', 'Dinner: Dinner', 'Beer: Beer', 'Full Bar: Full Bar', 'Cocktails: Cocktails']",$$$,Yes (incl. Discover & Visa),No,,Brunch,,Dinner,Beer,,Full Bar,Cocktails,,,,,,,,,,,,,,,,,,,,,,,
16,4c0bd6246071a593cfcee132,3122260858,nextrestaurant,,,False,,,56,,http://www.nextrestaurant.com,4,67,8.6,0,1,0,655,0,550,Wed–Sun: 5:30 PM–11:30 PM,"['Price: $$$$', 'Reservations: Yes', 'Credit Cards: Yes (incl. Discover & Visa)', 'Outdoor Seating: No', 'Dinner: Dinner', 'Wine: Wine', 'Cocktails: Cocktails']",$$$$,Yes (incl. Discover & Visa),No,,,,Dinner,,Wine,,Cocktails,Yes,,,,,,,,,,,,,,,,,,,,,,
17,56fc6a13498edeb9c07e3398,3127894896,roisterchicago,roisterchicago,1443147089319122,True,,,35,,http://roisterrestaurant.com,3,66,8.6,0,0,0,224,0,437,"Mon–Thu: 5:00 PM–9:00 PM, Fri–Sun: 10:00 AM–2:00 PM, 5:00 PM–10:00 PM","['Price: $$$', 'Reservations: Yes', 'Credit Cards: Yes', 'Outdoor Seating: No', 'Wi-Fi: Yes', 'Brunch: Brunch', 'Lunch: Lunch', 'Dinner: Dinner', 'Full Bar: Full Bar', 'Cocktails: Cocktails']",$$$,Yes,No,Yes,Brunch,Lunch,Dinner,,,Full Bar,Cocktails,Yes,,,,,,,,,,,,,,,,,,,,,,
18,50e26293e4b0eb1ff764981b,3127336900,fultonmarketkit,,642988739079397,True,,,21,,http://www.fultonmarketkitchen.com,3,150,8.8,0,1,0,163,0,167,"Wed–Thu: 5:00 PM–10:00 PM, Fri–Sat: 5:00 PM–11:00 PM","['Price: $$$', 'Credit Cards: Yes (incl. Discover & Visa)', 'Outdoor Seating: No', 'Wi-Fi: No', 'Dinner: Dinner', 'Full Bar: Full Bar', 'Cocktails: Cocktails']",$$$,Yes (incl. Discover & Visa),No,No,,,Dinner,,,Full Bar,Cocktails,,,,,,,,,,,,,,,,,,,,,,,
19,4e6f9c8da809952e23f1ac8a,3126386280,,,,False,,,21,,http://www.coldstoragechicago.com,3,51,7.9,0,1,0,90,0,81,"Mon–Thu: 11:00 AM–11:00 PM, Fri: 11:00 AM–Midnight, Sat: 10:00 AM–Midnight, Sun: 10:00 AM–10:30 PM","['Price: $$$', 'Credit Cards: Yes', 'Outdoor Seating: No', 'Happy Hour: Happy Hour', 'Beer: Beer', 'Full Bar: Full Bar', 'Cocktails: Cocktails']",$$$,Yes,No,,,,,Beer,,Full Bar,Cocktails,,,,,Happy Hour,,,,,,,,,,,,,,,,,,
20,5844f3c6d0bb3e5513a95002,3125664121,eatatmadison,,161973397534472,True,,,6,,http://www.eatatmadison.com,3,45,7.5,0,1,0,68,0,18,"Mon–Thu: 5:00 PM–10:30 PM, Fri: 5:00 PM–Midnight, Sat: 10:30 AM–Midnight, Sun: 10:30 AM–9:30 PM","['Price: $$$', 'Reservations: Yes', 'Credit Cards: Yes (incl. Discover & Visa)', 'Outdoor Seating: Yes', 'Dessert: Dessert', 'Happy Hour: Happy Hour', 'Beer: Beer', 'Wine: Wine', 'Full Bar: Full Bar', 'Cocktails: Cocktails']",$$$,Yes (incl. Discover & Visa),Yes,,,,,Beer,Wine,Full Bar,Cocktails,Yes,,,Dessert,Happy Hour,,,,,,,,,,,,,,,,,,
21,595668292e26800edb06c257,3127641908,citymouse_chi,citymousechicago,1925601597727995,False,,,7,,http://citymousechicago.com,3,69,7.3,0,1,0,50,0,59,Mon–Sun: 7:00 AM–3:00 PM,"['Price: $$$', 'Reservations: Yes', 'Credit Cards: Yes', 'Outdoor Seating: Yes', 'Wi-Fi: Yes', 'Breakfast: Breakfast', 'Brunch: Brunch', 'Lunch: Lunch', 'Dinner: Dinner', 'Happy Hour: Happy Hour']",$$$,Yes,Yes,Yes,Brunch,Lunch,Dinner,,,,,Yes,,Breakfast,,Happy Hour,,,,,,,,,,,,,,,,,,
22,4b6cc9e3f964a52081542ce3,3128502426,,,,True,,,6,,,4,7,7.2,0,1,0,10,0,10,Couldn't get hours.,"['Price: $$$$', 'Credit Cards: Yes (incl. Discover & Visa)', 'Outdoor Seating: Yes', 'Live Music: Live Music', 'Happy Hour: Happy Hour', 'Wine: Wine', 'Full Bar: Full Bar', 'Cocktails: Cocktails']",$$$$,Yes (incl. Discover & Visa),Yes,,,,,,Wine,Full Bar,Cocktails,,,,,Happy Hour,,,,Live Music,,,,,,,,,,,,,,
23,4a7b9022f964a52069eb1fe3,3127650524,mercatchicago,,,True,,,141,,http://www.mercatchicago.com,3,232,8.1,0,1,0,404,0,261,"Mon–Thu: 4:00 PM–11:00 PM, Fri: 4:00 PM–Midnight, Sat: 7:00 AM–Midnight, Sun: 7:00 AM–11:00 PM","['Price: $$$', 'Credit Cards: Yes (incl. Discover & Visa)', 'Outdoor Seating: Yes', 'Wi-Fi: No', 'Breakfast: Breakfast', 'Brunch: Brunch', 'Lunch: Lunch', 'Dinner: Dinner', 'Happy Hour: Happy Hour', 'Beer: Beer', 'Wine: Wine']",$$$,Yes (incl. Discover & Visa),Yes,No,Brunch,Lunch,Dinner,Beer,Wine,,,,,Breakfast,,Happy Hour,,,,,,,,,,,,,,,,,,
24,51f468be498e2c7ba8b1a563,3126248611,kurahchicago,,,True,,,25,,http://www.kurahchicago.com,3,52,7.5,1,1,0,69,0,40,"Mon–Thu: 11:30 AM–10:00 PM, Fri: 11:30 AM–11:00 PM, Sat: 9:00 AM–11:00 PM, Sun: 9:00 AM–9:00 PM","['Price: $$$', 'Credit Cards: Yes (incl. Discover & Visa)', 'Outdoor Seating: Yes', 'Private Room: Yes', 'Music: Yes', 'Wi-Fi: Free', 'Brunch: Brunch', 'Dinner: Dinner', 'Dessert: Dessert', 'Happy Hour: Happy Hour', 'Beer: Beer', 'Wine: Wine', 'Full Bar: Full Bar', 'Cocktails: Cocktails', 'Restroom: Yes']",$$$,Yes (incl. Discover & Visa),Yes,Free,Brunch,,Dinner,Beer,Wine,Full Bar,Cocktails,,,,Dessert,Happy Hour,,,Yes,,Yes,,Yes,,,,,,,,,,,
25,4ac40dfcf964a520069e20e3,3127861401,firehouserstrnt,,,True,,,38,,http://chicagofirehouse.com,4,48,7.4,0,1,0,167,0,52,"Mon–Wed: 4:00 PM–11:00 PM, Thu–Fri: 4:00 PM–Midnight, Sat: 3:00 PM–Midnight, Sun: 10:00 AM–11:00 PM","['Price: $$$$', 'Reservations: Yes', 'Credit Cards: Yes (incl. Discover & Visa)', 'Outdoor Seating: No', 'Wi-Fi: Free', 'Brunch: Brunch', 'Lunch: Lunch', 'Dinner: Dinner', 'Wine: Wine']",$$$$,Yes (incl. Discover & Visa),No,Free,Brunch,Lunch,Dinner,,Wine,,,Yes,,,,,,,,,,,,,,,,,,,,,,
26,56072920498ecac16609cdf6,3125881100,socialechi,,1613261832256857,False,,,7,,https://www.socialechicago.com,3,18,7.5,1,1,0,92,0,9,"Mon–Thu: 11:30 AM–10:00 PM, Fri: 11:00 AM–11:00 PM, Sat: 10:00 AM–11:00 PM, Sun: 10:00 AM–9:00 PM","['Price: $$$', 'Credit Cards: Yes', 'Outdoor Seating: Yes', 'Brunch: Brunch', 'Lunch: Lunch', 'Dinner: Dinner', 'Full Bar: Full Bar']",$$$,Yes,Yes,,Brunch,Lunch,Dinner,,,Full Bar,,,,,,,,,,,,,,,,,,,,,,,,
27,4edfec742c5bb0e03e446a40,3123609500,acadia_chicago,,279917168698151,True,,,53,,http://acadiachicago.com,4,113,8.2,0,1,0,216,0,407,"Wed–Thu: 5:30 PM–9:00 PM, Fri–Sat: 5:00 PM–11:00 PM, Sun: 5:00 PM–9:00 PM","['Price: $$$$', 'Credit Cards: Yes (incl. Discover & Visa)', 'Outdoor Seating: No', 'Wi-Fi: No', 'Dinner: Dinner', 'Beer: Beer', 'Wine: Wine', 'Full Bar: Full Bar', 'Cocktails: Cocktails', 'Street Parking: Street', 'Coat Check: Yes']",$$$$,Yes (incl. Discover & Visa),No,No,,,Dinner,Beer,Wine,Full Bar,Cocktails,,,,,,,,,,,,,,Yes,,,,Street,,,,,
28,4de69b012271d1d113e3d3eb,3125423601,bodegan5,,,False,,,9,,http://www.mercatchicago.com,4,10,7.6,0,1,0,18,0,16,"Mon–Thu: 6:30 AM–10:00 PM, Fri–Sat: 7:00 AM–11:00 PM, Sun: 7:00 AM–10:00 PM",['Price: $$$$'],$$$$,,,,,,,,,,,,,,,,,,,,,,,,,,,,,,,,,
29,5043ce54e4b08d5b62f9ceec,3127910788,,,,False,,,5,,,4,12,6.7,1,1,0,17,0,6,Mon–Sun: 11:30 AM–1:00 AM,"['Price: $$$$', 'Reservations: No', 'Outdoor Seating: No']",$$$$,,No,,,,,,,,,No,,,,,,,,,,,,,,,,,,,,,,
30,54a0b7eb498e19813223d06f,3122258833,,,,True,,,3,,http://www.chicagooysterhouse.com,3,21,7.4,1,0,0,25,0,13,Couldn't get hours.,['Price: $$$'],$$$,,,,,,,,,,,,,,,,,,,,,,,,,,,,,,,,,
31,4e18817cc65b6bfb590f3260,,,,,False,,,0,,,3,0,,0,0,0,0,0,0,Couldn't get hours.,['Price: $$$'],$$$,,,,,,,,,,,,,,,,,,,,,,,,,,,,,,,,,
32,5797f54a498ebad131ac5ba0,7736878568,,,,False,,,16,,http://cdvolpe.com,4,65,8.9,0,1,0,84,0,55,"Mon–Thu: 4:30 PM–10:00 PM, Fri: 4:30 PM–11:00 PM, Sat: 10:00 AM–11:00 PM, Sun: 10:00 AM–9:00 PM","['Price: $$$$', 'Wi-Fi: Yes', 'Brunch: Brunch', 'Lunch: Lunch', 'Dinner: Dinner', 'Restroom: Yes', 'Wheelchair Accessible: Yes']",$$$$,,,Yes,Brunch,Lunch,Dinner,,,,,,,,,,Yes,,,,Yes,,,,,,,,,,,,,
33,57e575a7498edc223c6efabd,7733278226,tucoandblondie,tucoandblondie,251209171882819,False,,,18,,http://tucoandblondie.com,3,57,8.0,1,1,0,66,0,43,"Mon–Thu: 11:00 AM–10:00 PM, Fri–Sat: 11:00 AM–11:59 PM, Sun: 10:00 AM–10:00 PM","['Price: $$$', 'Reservations: No', 'Credit Cards: Yes', 'Outdoor Seating: Yes', 'Wi-Fi: Free', 'Breakfast: Breakfast', 'Brunch: Brunch', 'Lunch: Lunch', 'Dinner: Dinner']",$$$,Yes,Yes,Free,Brunch,Lunch,Dinner,,,,,No,,Breakfast,,,,,,,,,,,,,,,,,,,,
34,4b78c82af964a52024e22ee3,7732486160,,,,False,,,30,,http://www.yoshiscafe.com/yoshiscafe,3,58,8.9,0,1,0,130,0,70,"Tue–Thu: 5:00 PM–10:30 PM, Fri–Sat: 5:00 PM–11:00 PM, Sun: 5:00 PM–9:30 PM","['Price: $$$', 'Reservations: Yes', 'Credit Cards: Yes (incl. American Express)', 'Outdoor Seating: Yes', 'Brunch: Brunch', 'Dinner: Dinner', 'Wine: Wine']",$$$,Yes (incl. American Express),Yes,,Brunch,,Dinner,,Wine,,,Yes,,,,,,,,,,,,,,,,,,,,,,
35,4b943d7af964a520977034e3,7733275475,,,,False,,,62,,http://cafeeltapatio.com,3,131,9.0,1,1,0,152,0,58,"Mon–Thu: 10:30 AM–9:30 PM, Fri–Sat: 11:00 AM–11:00 PM, Sun: 11:00 AM–9:00 PM","['Price: $$$', 'Credit Cards: Yes (incl. American Express)', 'Outdoor Seating: Yes', 'Lunch: Lunch', 'Dinner: Dinner', 'Full Bar: Full Bar', 'Cocktails: Cocktails']",$$$,Yes (incl. American Express),Yes,,,Lunch,Dinner,,,Full Bar,Cocktails,,,,,,,,,,,,,,,,,,,,,,,
36,4faef5e1e4b0e047b237877c,7739359663,woodchicago,,,False,,,52,,http://www.woodchicago.com,3,156,8.4,1,1,0,276,0,134,"Mon–Tue: 5:00 PM–Midnight, Wed–Thu: 5:00 PM–2:00 AM, Fri: 5:00 PM–2:00 AM, Sat: 5:00 PM–3:00 AM, Sun: 10:00 AM–2:30 AM","['Price: $$$', 'Credit Cards: Yes (incl. Discover & Visa)', 'Outdoor Seating: Yes', 'Wi-Fi: Free', 'Brunch: Brunch', 'Lunch: Lunch', 'Dinner: Dinner', 'Beer: Beer', 'Wine: Wine', 'Full Bar: Full Bar', 'Cocktails: Cocktails']",$$$,Yes (incl. Discover & Visa),Yes,Free,Brunch,Lunch,Dinner,Beer,Wine,Full Bar,Cocktails,,,,,,,,,,,,,,,,,,,,,,,
37,55540bbb498e9d3e29cbf76e,7736879949,barcocinachi,,,False,,,27,,http://www.barcocinachicago.com,3,116,7.8,0,1,0,84,0,70,"Mon–Wed: 4:00 PM–Midnight, Thu–Fri: 4:00 PM–2:00 AM","['Price: $$$', 'Credit Cards: Yes (incl. Discover & Visa)', 'Outdoor Seating: Yes', 'Wi-Fi: Yes', 'Brunch: Brunch', 'Lunch: Lunch', 'Dinner: Dinner', 'Happy Hour: Happy Hour', 'Full Bar: Full Bar', 'Cocktails: Cocktails']",$$$,Yes (incl. Discover & Visa),Yes,Yes,Brunch,Lunch,Dinner,,,Full Bar,Cocktails,,,,,Happy Hour,,,,,,,,,,,,,,,,,,
38,5a8eea193731ee7c89433907,7736974632,tiedhousechi,,,False,,,3,,,3,12,6.6,1,0,0,31,0,46,Couldn't get hours.,"['Price: $$$', 'Reservations: Yes', 'Credit Cards: Yes', 'Outdoor Seating: Yes']",$$$,Yes,Yes,,,,,,,,,Yes,,,,,,,,,,,,,,,,,,,,,,
39,60d131b836c80152fab43473,,,,,False,,,0,,,3,0,,0,0,0,0,0,0,Couldn't get hours.,['Price: $$$'],$$$,,,,,,,,,,,,,,,,,,,,,,,,,,,,,,,,,
40,5ba70492d3cce8002cfcf175,7738570842,,,,False,,,2,,https://www.thaionthetables.com,3,1,,0,0,0,6,0,3,Couldn't get hours.,['Price: $$$'],$$$,,,,,,,,,,,,,,,,,,,,,,,,,,,,,,,,,
41,51f6821e498eb0e342bbf904,3122229700,tantachicago,,,True,,,106,,http://www.tantachicago.com,3,127,8.9,0,1,0,382,0,439,"Mon, Sun: 11:00 AM–9:00 PM, Tue–Thu: 11:00 AM–11:00 PM, Fri–Sat: 11:00 AM–Midnight","['Price: $$$', 'Credit Cards: Yes (incl. American Express)', 'Outdoor Seating: Yes', 'Wi-Fi: Yes', 'Brunch: Brunch', 'Lunch: Lunch', 'Dinner: Dinner', 'Happy Hour: Happy Hour', 'Full Bar: Full Bar', 'Cocktails: Cocktails']",$$$,Yes (incl. American Express),Yes,Yes,Brunch,Lunch,Dinner,,,Full Bar,Cocktails,,,,,Happy Hour,,,,,,,,,,,,,,,,,,
42,4d87638bf9f3a1cd1abbf164,3129293501,gtfishoyster,,,False,,,195,,http://www.gtoyster.com,3,413,8.9,1,1,0,600,0,662,"Mon–Thu, Sun: 5:00 PM–10:00 PM, Fri–Sat: 5:00 PM–11:00 PM","['Price: $$$', 'Credit Cards: Yes (incl. Discover & Visa)', 'Outdoor Seating: No', 'Brunch: Brunch', 'Lunch: Lunch', 'Dinner: Dinner', 'Happy Hour: Happy Hour', 'Beer: Beer', 'Wine: Wine', 'Cocktails: Cocktails']",$$$,Yes (incl. Discover & Visa),No,,Brunch,Lunch,Dinner,Beer,Wine,,Cocktails,,,,,Happy Hour,,,,,,,,,,,,,,,,,,
43,4ae3b1edf964a5203c9821e3,3125273718,,,,False,,,64,,http://www.geneandgeorgetti.com,4,172,8.9,1,1,0,181,0,240,Tue–Sun: 8:00 AM–11:00 PM,"['Price: $$$$', 'Credit Cards: Yes (incl. Discover & Visa)', 'Outdoor Seating: No', 'Brunch: Brunch', 'Lunch: Lunch', 'Dinner: Dinner', 'Wine: Wine', 'Full Bar: Full Bar', 'Cocktails: Cocktails']",$$$$,Yes (incl. Discover & Visa),No,,Brunch,Lunch,Dinner,,Wine,Full Bar,Cocktails,,,,,,,,,,,,,,,,,,,,,,,
44,4b32ad2cf964a520a11125e3,3126440500,sunda,,,True,,,286,,http://www.sundachicago.com,3,717,9.0,1,1,0,748,0,787,"Mon–Wed: 11:30 AM–3:00 PM, 5:00 PM–Midnight, Thu–Fri: 11:30 AM–3:00 PM, 5:00 PM–1:00 AM, Sat: 10:00 AM–3:00 PM, 4:00 PM–1:00 AM, Sun: 10:00 AM–Midnight","['Price: $$$', 'Credit Cards: Yes (incl. Discover & Visa)', 'Outdoor Seating: Yes', 'Wi-Fi: Yes', 'Brunch: Brunch', 'Lunch: Lunch', 'Dinner: Dinner', 'Beer: Beer', 'Wine: Wine', 'Full Bar: Full Bar', 'Cocktails: Cocktails']",$$$,Yes (incl. Discover & Visa),Yes,Yes,Brunch,Lunch,Dinner,Beer,Wine,Full Bar,Cocktails,,,,,,,,,,,,,,,,,,,,,,,
45,51b0b828498ecb8d51e396ea,3122841377,beatrixchicago,,262645223881715,False,,,233,,http://www.beatrixchicago.com,3,830,9.0,1,1,0,585,0,721,"Mon–Thu, Sun: 8:00 AM–9:00 PM, Fri–Sat: 8:00 AM–11:00 PM","['Price: $$$', 'Credit Cards: Yes (incl. Discover & Visa)', 'Outdoor Seating: Yes', 'Wi-Fi: Yes', 'Breakfast: Breakfast', 'Brunch: Brunch', 'Lunch: Lunch', 'Dinner: Dinner', 'Happy Hour: Happy Hour', 'Beer: Beer', 'Wine: Wine', 'Full Bar: Full Bar', 'Cocktails: Cocktails']",$$$,Yes (incl. Discover & Visa),Yes,Yes,Brunch,Lunch,Dinner,Beer,Wine,Full Bar,Cocktails,,,Breakfast,,Happy Hour,,,,,,,,,,,,,,,,,,
46,4a7a32baf964a520d3e81fe3,3129329330,fogorestaurants,,135276136606510,True,,,133,,https://fogodechao.com/location/chicago/,4,434,8.5,0,1,0,434,0,141,"Mon–Fri: 11:00 AM–2:00 PM, 5:00 PM–10:30 PM, Sat: 11:30 AM–10:30 PM, Sun: 11:30 AM–9:00 PM","['Price: $$$$', 'Reservations: Yes', 'Credit Cards: Yes (incl. Discover & Visa)', 'Outdoor Seating: Yes', 'Wi-Fi: Yes', 'Brunch: Brunch', 'Lunch: Lunch', 'Dinner: Dinner', 'Beer: Beer', 'Wine: Wine', 'Full Bar: Full Bar', 'Cocktails: Cocktails']",$$$$,Yes (incl. Discover & Visa),Yes,Yes,Brunch,Lunch,Dinner,Beer,Wine,Full Bar,Cocktails,Yes,,,,,,,,,,,,,,,,,,,,,,
47,4dac89634b22f071eae51772,3124777652,rokaakor,,154433281277717,True,,,91,,https://www.rokaakor.com/chicago/,4,234,8.9,0,1,0,475,0,243,"Tue–Thu, Sun: 5:00 PM–10:00 PM, Fri–Sat: 4:00 PM–10:00 PM","['Price: $$$$', 'Credit Cards: Yes (incl. Discover & Visa)', 'Outdoor Seating: Yes', 'Dinner: Dinner', 'Happy Hour: Happy Hour', 'Beer: Beer', 'Wine: Wine', 'Full Bar: Full Bar', 'Cocktails: Cocktails']",$$$$,Yes (incl. Discover & Visa),Yes,,,,Dinner,Beer,Wine,Full Bar,Cocktails,,,,,Happy Hour,,,,,,,,,,,,,,,,,,
48,577563d5498e8d2eb29bd25d,3125275586,,,1189090557823589,False,,,34,,http://emachicago.com,4,54,8.9,1,1,0,130,0,184,"Mon–Thu: 11:00 AM–10:00 PM, Fri–Sat: 11:00 AM–11:00 PM, Sun: 11:00 AM–9:00 PM","['Price: $$$$', 'Outdoor Seating: Yes', 'Lunch: Lunch', 'Dinner: Dinner', 'Happy Hour: Happy Hour', 'Wine: Wine', 'Full Bar: Full Bar', 'Cocktails: Cocktails']",$$$$,,Yes,,,Lunch,Dinner,,Wine,Full Bar,Cocktails,,,,,Happy Hour,,,,,,,,,,,,,,,,,,
49,40b28c80f964a520aafb1ee3,3126611434,frontera_grill,,12307813643,False,,,256,,http://www.rickbayless.com/restaurants/frontera-grill/,3,484,9.0,1,1,0,652,0,996,"Tue: 11:30 AM–2:30 PM, 5:20 PM–10:00 PM, Wed–Thu: 11:30 AM–2:30 PM, 5:00 PM–10:00 PM, Fri: 11:30 AM–2:30 PM, 5:00 PM–11:00 PM, Sat: 10:30 AM–2:00 PM, 5:00 PM–11:00 PM","['Price: $$$', 'Reservations: Yes', 'Credit Cards: Yes (incl. Discover & Visa)', 'Outdoor Seating: Yes', 'Brunch: Brunch', 'Lunch: Lunch', 'Dinner: Dinner', 'Happy Hour: Happy Hour', 'Beer: Beer', 'Wine: Wine', 'Full Bar: Full Bar', 'Cocktails: Cocktails']",$$$,Yes (incl. Discover & Visa),Yes,,Brunch,Lunch,Dinner,Beer,Wine,Full Bar,Cocktails,Yes,,,,Happy Hour,,,,,,,,,,,,,,,,,,
50,4b833956f964a52026fe30e3,3129519500,,,,True,,,30,,http://www.prosecco.us.com,4,47,8.5,1,1,0,81,0,54,Mon–Fri: 11:30 AM–3:00 PM,"['Price: $$$$', 'Credit Cards: Yes (incl. Discover & Visa)', 'Outdoor Seating: Yes', 'Dinner: Dinner', 'Wine: Wine', 'Cocktails: Cocktails']",$$$$,Yes (incl. Discover & Visa),Yes,,,,Dinner,,Wine,,Cocktails,,,,,,,,,,,,,,,,,,,,,,,
51,500efc40e4b0e6ec47971a9e,3126248154,,,,False,,,126,,http://bavetteschicago.com,3,420,9.2,0,0,0,443,0,755,"Mon–Thu: 5:00 PM–11:30 PM, Fri–Sat: 5:00 PM–Midnight, Sun: 5:00 PM–10:30 PM","['Price: $$$', 'Credit Cards: Yes (incl. Discover & Visa)', 'Outdoor Seating: No', 'Dinner: Dinner', 'Happy Hour: Happy Hour', 'Beer: Beer', 'Wine: Wine', 'Full Bar: Full Bar', 'Cocktails: Cocktails']",$$$,Yes (incl. Discover & Visa),No,,,,Dinner,Beer,Wine,Full Bar,Cocktails,,,,,Happy Hour,,,,,,,,,,,,,,,,,,
52,4c7c25322d3ba143df1b96d0,3125215100,mastrosofficial,,426023177529209,True,,,124,,https://www.mastrosrestaurants.com/Locations/IL/Chicago/,4,284,9.0,1,1,0,369,0,192,"Mon–Thu, Sun: 5:00 PM–9:00 PM, Fri–Sat: 5:00 PM–10:00 PM","['Price: $$$$', 'Credit Cards: Yes (incl. Discover & Visa)', 'Outdoor Seating: No', 'Live Music: Live Music', 'Wi-Fi: Yes', 'Brunch: Brunch', 'Dinner: Dinner', 'Happy Hour: Happy Hour', 'Wine: Wine', 'Full Bar: Full Bar', 'Cocktails: Cocktails', 'BYO: BYO']",$$$$,Yes (incl. Discover & Visa),No,Yes,Brunch,,Dinner,,Wine,Full Bar,Cocktails,,,,,Happy Hour,,,,Live Music,,,,,,,,,,,BYO,,,
53,55d26663498e2ad73176f49e,3126249892,,,,False,,,20,,http://bernieslunchandsupper.com,3,97,8.3,0,1,0,81,0,124,"Mon–Wed, Sun: 11:00 AM–10:00 PM, Thu–Sat: 11:00 AM–11:00 PM","['Price: $$$', 'Credit Cards: Yes (incl. American Express & MasterCard)', 'Outdoor Seating: Yes', 'Brunch: Brunch', 'Lunch: Lunch', 'Dinner: Dinner', 'Full Bar: Full Bar', 'Cocktails: Cocktails']",$$$,Yes (incl. American Express & MasterCard),Yes,,Brunch,Lunch,Dinner,,,Full Bar,Cocktails,,,,,,,,,,,,,,,,,,,,,,,
54,57cca720cd1043c5b8974427,3126006305,gtprimechicago,,,False,,,13,,http://www.gtprimerestaurant.com,4,52,8.2,0,1,0,57,0,52,Wed–Sun: 4:30 PM–9:00 PM,"['Price: $$$$', 'Dinner: Dinner', 'Full Bar: Full Bar', 'Cocktails: Cocktails']",$$$$,,,,,,Dinner,,,Full Bar,Cocktails,,,,,,,,,,,,,,,,,,,,,,,
55,4c67261b9cedd13af4db77a1,3126611434,topolochicago,,150922784925524,False,,,26,,http://www.rickbayless.com/restaurants/topolobampo,3,88,8.4,0,1,0,84,0,248,"Tue: 11:45 AM–2:00 PM, 5:30 PM–9:30 PM, Wed–Thu: 11:30 AM–2:00 PM, 5:30 PM–9:30 PM, Fri: 11:30 AM–2:00 PM, 5:30 PM–10:30 PM, Sat: 5:30 PM–10:30 PM","['Price: $$$', 'Brunch: Brunch', 'Cocktails: Cocktails']",$$$,,,,Brunch,,,,,,Cocktails,,,,,,,,,,,,,,,,,,,,,,,
56,4a32de31f964a520aa9a1fe3,3126459500,indiahousechi,,182399391836,True,,,92,,http://www.indiahousechicago.com,3,187,8.4,1,1,0,135,0,124,"Mon–Thu, Sun: 11:00 AM–2:30 PM, 4:30 PM–9:00 PM, Fri–Sat: 11:00 AM–2:30 PM, 4:30 PM–9:30 PM","['Price: $$$', 'Credit Cards: Yes (incl. Discover & Visa)', 'Outdoor Seating: No', 'Brunch: Brunch', 'Lunch: Lunch', 'Dinner: Dinner', 'Dessert: Dessert', 'Beer: Beer', 'Wine: Wine', 'Full Bar: Full Bar', 'Cocktails: Cocktails']",$$$,Yes (incl. Discover & Visa),No,,Brunch,Lunch,Dinner,Beer,Wine,Full Bar,Cocktails,,,,Dessert,,,,,,,,,,,,,,,,,,,
57,4f1322f3e4b0725fed919ce7,3122221888,rpmitalianchi,,151454771623707,True,,,234,,http://rpmrestaurants.com,3,699,9.1,1,1,0,1030,0,746,"Mon–Thu: 4:00 PM–9:00 PM, Fri–Sat: Noon–10:00 PM, Sun: Noon–9:00 PM","['Price: $$$', 'Credit Cards: Yes (incl. Discover & Visa)', 'Outdoor Seating: No', 'Wi-Fi: Free', 'Dinner: Dinner', 'Dessert: Dessert', 'Beer: Beer', 'Wine: Wine', 'Full Bar: Full Bar', 'Cocktails: Cocktails', 'Restroom: Yes']",$$$,Yes (incl. Discover & Visa),No,Free,,,Dinner,Beer,Wine,Full Bar,Cocktails,,,,Dessert,,,,,,Yes,,,,,,,,,,,,,
58,4b2ec98ff964a520ace624e3,3128360900,cocopazzochi,,,False,,,20,,http://www.cocopazzochicago.com,4,75,8.0,1,1,0,78,0,44,"Tue–Thu: 5:00 PM–9:00 PM, Fri–Sat: 5:00 PM–10:00 PM, Sun: 10:00 AM–3:00 PM","['Price: $$$$', 'Outdoor Seating: Yes', 'Wine: Wine', 'Full Bar: Full Bar', 'Cocktails: Cocktails']",$$$$,,Yes,,,,,,Wine,Full Bar,Cocktails,,,,,,,,,,,,,,,,,,,,,,,
59,53628259498e193fbfdc62c7,3122844990,rpmsteakchi,,,True,,,75,,http://rpmrestaurants.com,4,253,8.8,1,1,0,286,0,178,"Mon–Thu: 3:00 PM–9:00 PM, Fri–Sun: 3:00 PM–10:00 PM","['Price: $$$$', 'Outdoor Seating: Yes', 'Wi-Fi: Free', 'Lunch: Lunch', 'Dinner: Dinner', 'Dessert: Dessert', 'Beer: Beer', 'Wine: Wine', 'Full Bar: Full Bar', 'Cocktails: Cocktails']",$$$$,,Yes,Free,,Lunch,Dinner,Beer,Wine,Full Bar,Cocktails,,,,Dessert,,,,,,,,,,,,,,,,,,,
60,582dcab7a8b55d58005657c3,3122046981,true_food_kitch,,1234235176619776,True,,,35,,https://www.truefoodkitchen.com/chicago,3,115,9.0,0,0,0,103,0,132,Mon–Sun: 11:00 AM–8:00 PM,"['Price: $$$', 'Credit Cards: Yes', 'Outdoor Seating: Yes', 'Jukebox: Jukebox', 'Brunch: Brunch', 'Lunch: Lunch', 'Dinner: Dinner', 'Wine: Wine', 'Street Parking: Street', 'Coat Check: Yes', 'Restroom: Yes', 'Wheelchair Accessible: Yes', 'ATM: Yes']",$$$,Yes,Yes,,Brunch,Lunch,Dinner,,Wine,,,,Yes,,,,Yes,,,,Yes,Jukebox,,,Yes,,,,Street,,,,,
61,49cd0720f964a520aa591fe3,3128280051,hub51,hub51,56237260674,True,,,252,,http://www.hub51chicago.com,3,571,8.5,1,1,0,637,0,462,"Wed–Thu: 11:00 AM–9:00 PM, Fri: 11:00 AM–10:00 PM, Sat–Sun: 10:30 AM–10:00 PM","['Price: $$$', 'Credit Cards: Yes (incl. Discover & Visa)', 'Outdoor Seating: Yes', 'Music: Yes', 'Wi-Fi: Free', 'Brunch: Brunch', 'Lunch: Lunch', 'Dinner: Dinner', 'Dessert: Dessert', 'Happy Hour: Happy Hour', 'Beer: Beer', 'Wine: Wine', 'Full Bar: Full Bar', 'Cocktails: Cocktails', 'ATM: Yes']",$$$,Yes (incl. Discover & Visa),Yes,Free,Brunch,Lunch,Dinner,Beer,Wine,Full Bar,Cocktails,,Yes,,Dessert,Happy Hour,,,,,,,Yes,,,,,,,,,,,
62,50f58653e4b0e1058164dc7e,3125951322,sienatavern,sienatavern,374921952589076,True,,,187,,https://sienatavern.com,3,229,8.9,1,1,0,515,0,492,"Mon–Wed: 11:30 AM–11:00 PM, Thu–Fri: 11:30 AM–11:30 PM, Sat: Midnight–1:00 AM, 10:00 AM–11:30 PM, Sun: Midnight–2:00 AM, 10:00 AM–11:00 PM","['Price: $$$', 'Credit Cards: Yes (incl. Discover & Visa)', 'Outdoor Seating: Yes', 'Wi-Fi: Yes', 'Brunch: Brunch', 'Lunch: Lunch', 'Dinner: Dinner', 'Happy Hour: Happy Hour', 'Beer: Beer', 'Wine: Wine', 'Full Bar: Full Bar', 'Cocktails: Cocktails']",$$$,Yes (incl. Discover & Visa),Yes,Yes,Brunch,Lunch,Dinner,Beer,Wine,Full Bar,Cocktails,,,,,Happy Hour,,,,,,,,,,,,,,,,,,
63,4c924f7f238c6dcb6467c755,3123291800,chicagocut,,,False,,,144,,http://www.chicagocutsteakhouse.com,4,301,8.7,0,1,0,404,0,265,"Mon–Fri: 7:00 AM–2:00 AM, Sat–Sun: 10:00 AM–2:00 AM","['Price: $$$$', 'Credit Cards: Yes (incl. Discover & Visa)', 'Outdoor Seating: Yes', 'Live Music: Live Music', 'Wi-Fi: Yes', 'Brunch: Brunch', 'Lunch: Lunch', 'Dinner: Dinner', 'Happy Hour: Happy Hour', 'Wine: Wine', 'Full Bar: Full Bar']",$$$$,Yes (incl. Discover & Visa),Yes,Yes,Brunch,Lunch,Dinner,,Wine,Full Bar,,,,,,Happy Hour,,,,Live Music,,,,,,,,,,,,,,
64,4b833013f964a5207afc30e3,3128220191,kinziechophouse,,104932713131,True,,,55,,http://www.kinziechophouse.com,3,96,7.7,1,1,0,130,0,58,"Mon–Thu: 11:00 AM–10:00 PM, Fri: 11:00 AM–11:00 PM, Sat: 4:00 PM–11:00 PM, Sun: 4:00 PM–9:00 PM","['Price: $$$', 'Credit Cards: Yes (incl. Discover & Visa)', 'Outdoor Seating: Yes', 'Wi-Fi: Free', 'Brunch: Brunch', 'Lunch: Lunch', 'Dinner: Dinner', 'Dessert: Dessert', 'Wine: Wine', 'Full Bar: Full Bar', 'Cocktails: Cocktails']",$$$,Yes (incl. Discover & Visa),Yes,Free,Brunch,Lunch,Dinner,,Wine,Full Bar,Cocktails,,,,Dessert,,,,,,,,,,,,,,,,,,,
65,56a947d3498e3983fb4d8791,3125950800,ilporcellinochi,,797196833741516,True,,,20,,http://www.ilporcellinochicago.com,4,20,7.9,1,1,0,111,0,43,"Mon–Thu: 4:00 PM–9:00 PM, Fri–Sun: 4:00 PM–10:00 PM","['Price: $$$$', 'Credit Cards: Yes (incl. Discover & Visa)', 'Outdoor Seating: No', 'Wi-Fi: Free', 'Dinner: Dinner', 'Dessert: Dessert', 'Happy Hour: Happy Hour', 'Beer: Beer', 'Wine: Wine', 'Full Bar: Full Bar', 'Cocktails: Cocktails', 'Restroom: Yes', 'Wheelchair Accessible: Yes']",$$$$,Yes (incl. Discover & Visa),No,Free,,,Dinner,Beer,Wine,Full Bar,Cocktails,,,,Dessert,Happy Hour,Yes,,,,Yes,,,,,,,,,,,,,
66,4d2ead246fc6f04d25848345,3122221331,hubbardinn,,,True,,,94,,http://www.hubbardinn.com,3,95,7.6,0,1,0,356,0,219,"Mon–Fri: 11:00 AM–2:00 AM, Sat: 10:00 AM–3:00 AM, Sun: 10:00 AM–10:00 PM","['Price: $$$', 'Credit Cards: Yes (incl. Discover & Visa)', 'Outdoor Seating: Yes', 'Lunch: Lunch', 'Dinner: Dinner', 'Beer: Beer', 'Wine: Wine', 'Full Bar: Full Bar']",$$$,Yes (incl. Discover & Visa),Yes,,,Lunch,Dinner,Beer,Wine,Full Bar,,,,,,,,,,,,,,,,,,,,,,,,
67,5441bc8b498e70910fa11726,3128361300,thekitchen,,1494274000809745,False,,,21,,https://www.thekitchenbistros.com/location/the-kitchen-chicago/,4,122,8.6,0,1,0,147,0,114,"Mon–Fri: 5:00 PM–9:00 PM, Sat–Sun: 10:00 AM–3:00 PM, 5:00 PM–9:00 PM","['Price: $$$$', 'Credit Cards: Yes', 'Outdoor Seating: No', 'Wine: Wine', 'Full Bar: Full Bar', 'Cocktails: Cocktails']",$$$$,Yes,No,,,,,,Wine,Full Bar,Cocktails,,,,,,,,,,,,,,,,,,,,,,,
68,4a737056f964a52070dc1fe3,3122666691,zed451,,41150308569,True,,,108,,http://www.zed451.com,4,264,8.1,0,0,0,389,0,237,"Mon–Thu: 4:30 PM–Midnight, Fri: 4:30 PM–1:00 AM, Sat: 10:00 AM–1:00 AM, Sun: 10:00 AM–10:00 PM","['Price: $$$$', 'Credit Cards: Yes (incl. American Express)', 'Outdoor Seating: Yes', 'Beer: Beer', 'Wine: Wine', 'Full Bar: Full Bar', 'Cocktails: Cocktails']",$$$$,Yes (incl. American Express),Yes,,,,,Beer,Wine,Full Bar,Cocktails,,,,,,,,,,,,,,,,,,,,,,,
69,5e14e8f1a10b9200083472de,3129009035,,,,False,,,6,,,4,9,8.3,1,1,0,46,0,12,"Mon–Wed: 3:00 PM–9:00 PM, Thu–Sun: Noon–10:00 PM","['Price: $$$$', 'Dinner: Dinner']",$$$$,,,,,,Dinner,,,,,,,,,,,,,,,,,,,,,,,,,,,
70,4b53b49cf964a5208ca827e3,3123212725,ruths_chris,,297098060387092,True,,,51,,https://www.ruthschris.com,4,105,7.9,0,1,0,178,0,45,Couldn't get hours.,"['Price: $$$$', 'Credit Cards: Yes (incl. Discover & Visa)', 'Outdoor Seating: No', 'Dinner: Dinner', 'Happy Hour: Happy Hour', 'Wine: Wine', 'Full Bar: Full Bar', 'Cocktails: Cocktails']",$$$$,Yes (incl. Discover & Visa),No,,,,Dinner,,Wine,Full Bar,Cocktails,,,,,Happy Hour,,,,,,,,,,,,,,,,,,
71,41fd7500f964a520501f1fe3,3128280966,harrycarays,,,True,,,103,,http://www.harrycarays.com,4,238,8.2,1,1,0,484,0,97,"Mon–Thu: 11:30 AM–10:30 PM, Fri–Sat: 11:30 AM–11:00 PM, Sun: 11:30 AM–10:00 PM","['Price: $$$$', 'Credit Cards: Yes (incl. Discover & Visa)', 'Outdoor Seating: No', 'Breakfast: Breakfast', 'Brunch: Brunch', 'Lunch: Lunch', 'Dinner: Dinner', 'Beer: Beer', 'Wine: Wine', 'Full Bar: Full Bar', 'Cocktails: Cocktails']",$$$$,Yes (incl. Discover & Visa),No,,Brunch,Lunch,Dinner,Beer,Wine,Full Bar,Cocktails,,,Breakfast,,,,,,,,,,,,,,,,,,,,
72,53bdc413498e161627668129,3128220100,,,576468502431280,True,,,53,,http://riverroastchicago.com,4,208,8.7,1,1,0,221,0,142,"Mon–Thu: 11:30 AM–10:00 PM, Fri: 11:30 AM–11:00 PM, Sat: 11:00 AM–11:00 PM, Sun: 11:00 AM–9:00 PM","['Price: $$$$', 'Credit Cards: Yes', 'Outdoor Seating: Yes', 'Live Music: Live Music', 'Wi-Fi: Free', 'Brunch: Brunch', 'Lunch: Lunch', 'Dinner: Dinner', 'Dessert: Dessert', 'Happy Hour: Happy Hour', 'Beer: Beer', 'Wine: Wine', 'Full Bar: Full Bar', 'Cocktails: Cocktails']",$$$$,Yes,Yes,Free,Brunch,Lunch,Dinner,Beer,Wine,Full Bar,Cocktails,,,,Dessert,Happy Hour,,,,Live Music,,,,,,,,,,,,,,
73,4e5e2fd5922ec2c0701c4218,3129550014,cantinachi,,226291180736927,True,,,133,,http://www.cantinalaredo.com,3,384,8.0,0,1,0,556,0,188,"Mon–Thu, Sun: 11:30 AM–10:00 PM, Fri–Sat: 11:30 AM–11:00 PM","['Price: $$$', 'Credit Cards: Yes (incl. Discover & Visa)', 'Outdoor Seating: Yes', 'Wi-Fi: Yes', 'Brunch: Brunch', 'Dinner: Dinner', 'Happy Hour: Happy Hour', 'Wine: Wine', 'Full Bar: Full Bar', 'Cocktails: Cocktails']",$$$,Yes (incl. Discover & Visa),Yes,Yes,Brunch,,Dinner,,Wine,Full Bar,Cocktails,,,,,Happy Hour,,,,,,,,,,,,,,,,,,
74,59906d516bd36b43bfb267d3,3122026050,,,,False,,,3,,http://portsmithchicago.com,3,14,7.4,1,1,0,15,0,23,"Mon–Sat: 4:30 PM–11:00 PM, Sun: 4:30 AM–10:00 PM","['Price: $$$', 'Jukebox: Jukebox', 'Parking: Yes', 'Restroom: Yes', 'Wheelchair Accessible: Yes', 'ATM: Yes']",$$$,,,,,,,,,,,,Yes,,,,Yes,,,,Yes,Jukebox,,,,,,,,,,Yes,,
75,4a95690cf964a5201c2320e3,3123299463,,,202784229763333,True,,,46,,https://www.flemingssteakhouse.com/Locations/IL/Chicago,3,88,7.0,0,1,0,128,0,28,"Mon–Thu: 4:00 PM–10:00 PM, Fri–Sat: 4:00 PM–11:00 PM, Sun: 4:00 PM–9:00 PM","['Price: $$$', 'Credit Cards: Yes (incl. Discover & Visa)', 'Outdoor Seating: No', 'Dinner: Dinner', 'Happy Hour: Happy Hour', 'Beer: Beer', 'Wine: Wine', 'Full Bar: Full Bar', 'Cocktails: Cocktails']",$$$,Yes (incl. Discover & Visa),No,,,,Dinner,Beer,Wine,Full Bar,Cocktails,,,,,Happy Hour,,,,,,,,,,,,,,,,,,
76,56cf9a91498e63498992d215,3125959440,,,,False,,,42,,http://www.imperial-lamian.com,3,81,6.3,0,0,0,143,0,110,"Mon–Fri: 11:30 AM–10:00 PM, Sat–Sun: 10:00 AM–10:00 PM","['Price: $$$', 'Outdoor Seating: No', 'Brunch: Brunch', 'Full Bar: Full Bar', 'Cocktails: Cocktails']",$$$,,No,,Brunch,,,,,Full Bar,Cocktails,,,,,,,,,,,,,,,,,,,,,,,
77,49ebe3cbf964a5203f671fe3,7738625555,johnthebristol,,,False,,,101,,http://www.thebristolchicago.com,3,81,8.3,1,1,0,199,0,433,"Mon–Thu: 5:30 PM–10:00 PM, Fri: 5:30 PM–11:00 PM, Sat: 5:00 PM–11:00 PM, Sun: 10:00 AM–2:00 PM, 5:00 PM–10:00 PM","['Price: $$$', 'Credit Cards: Yes (incl. American Express)', 'Outdoor Seating: No', 'Brunch: Brunch', 'Lunch: Lunch', 'Dinner: Dinner', 'Beer: Beer', 'Wine: Wine', 'Full Bar: Full Bar', 'Cocktails: Cocktails']",$$$,Yes (incl. American Express),No,,Brunch,Lunch,Dinner,Beer,Wine,Full Bar,Cocktails,,,,,,,,,,,,,,,,,,,,,,,
78,4b3bfe1af964a520f57f25e3,7738626600,,,,True,,,27,,http://lebouchonofchicago.com,3,71,8.8,0,1,0,72,0,104,"Mon–Thu: 11:30 AM–10:00 PM, Fri–Sat: 11:30 AM–11:00 PM","['Price: $$$', 'Credit Cards: Yes (incl. American Express)', 'Outdoor Seating: No', 'Lunch: Lunch', 'Dinner: Dinner', 'Wine: Wine']",$$$,Yes (incl. American Express),No,,,Lunch,Dinner,,Wine,,,,,,,,,,,,,,,,,,,,,,,,,
79,56b2b238498ec9031ecf5c13,7738285642,,,,False,,,3,,https://asiancajunrestaurant.com,3,17,8.5,1,1,0,10,0,10,"Mon, Wed–Thu: 3:00 PM–10:00 PM, Fri–Sat: Noon–11:00 PM, Sun: Noon–9:00 PM","['Price: $$$', 'Reservations: Yes', 'Credit Cards: Yes (incl. Visa & MasterCard)', 'Outdoor Seating: No', 'Wi-Fi: Free']",$$$,Yes (incl. Visa & MasterCard),No,Free,,,,,,,,Yes,,,,,,,,,,,,,,,,,,,,,,
80,5a03adb3b399f751314fa8c8,,,,,False,,,4,,,3,31,9.1,0,0,0,40,0,30,Couldn't get hours.,"['Price: $$$', 'Brunch: Brunch', 'Lunch: Lunch']",$$$,,,,Brunch,Lunch,,,,,,,,,,,,,,,,,,,,,,,,,,,,
81,5483b98e498ed2ba51fe0caa,7737998677,izakayamita,,,False,,,16,,http://www.izakayamita.com,4,48,7.3,0,1,0,25,0,39,"Wed–Fri: 5:00 PM–9:00 PM, Sat–Sun: Noon–9:00 PM","['Price: $$$$', 'Credit Cards: Yes', 'Outdoor Seating: No', 'Happy Hour: Happy Hour', 'Full Bar: Full Bar', 'Cocktails: Cocktails']",$$$$,Yes,No,,,,,,,Full Bar,Cocktails,,,,,Happy Hour,,,,,,,,,,,,,,,,,,
82,5d670d124f6b66000873599c,7733608491,,,,False,,,2,,,3,1,,0,0,0,4,0,0,"Mon–Thu: 3:00 PM–10:00 PM, Fri–Sun: Noon–10:00 PM",['Price: $$$'],$$$,,,,,,,,,,,,,,,,,,,,,,,,,,,,,,,,,
83,54296aa7498e36575ee9a8b6,3127334818,momotarochicago,momotarochicago,246238358898658,False,,,91,,http://www.momotarochicago.com,4,127,9.1,1,1,0,333,0,553,"Mon–Thu, Sun: 5:00 PM–10:00 PM, Fri–Sat: 5:00 PM–11:00 PM","['Price: $$$$', 'Credit Cards: Yes', 'Outdoor Seating: No', 'Lunch: Lunch', 'Dinner: Dinner', 'Full Bar: Full Bar', 'Cocktails: Cocktails']",$$$$,Yes,No,,,Lunch,Dinner,,,Full Bar,Cocktails,,,,,,,,,,,,,,,,,,,,,,,
84,5b1854154a7aae002cbe8e62,7736451400,,,,False,,,17,,http://www.abarestaurantchicago.com,4,42,9.4,1,1,0,179,0,350,"Mon–Thu: 4:00 PM–10:00 PM, Fri: 4:00 PM–11:00 PM, Sat: 11:00 AM–11:00 PM, Sun: 11:00 AM–10:00 PM","['Price: $$$$', 'Reservations: Yes', 'Credit Cards: Yes', 'Outdoor Seating: Yes', 'Brunch: Brunch', 'Lunch: Lunch', 'Dinner: Dinner']",$$$$,Yes,Yes,,Brunch,Lunch,Dinner,,,,,Yes,,,,,,,,,,,,,,,,,,,,,,
85,4cc5b207c844721eb395f001,3122439712,maudeschicago,maudesliquorbar,120541944672069,False,,,107,,http://www.maudesliquorbar.com,3,307,9.0,0,1,0,306,0,766,"Mon–Thu, Sun: 4:45 PM–11:30 PM, Fri–Sat: 4:45 PM–1:00 AM","['Price: $$$', 'Credit Cards: Yes (incl. Discover & Visa)', 'Outdoor Seating: Yes', 'Live Music: Live Music', 'Wi-Fi: No', 'Dinner: Dinner', 'Wine: Wine', 'Full Bar: Full Bar', 'Cocktails: Cocktails']",$$$,Yes (incl. Discover & Visa),Yes,No,,,Dinner,,Wine,Full Bar,Cocktails,,,,,,,,,Live Music,,,,,,,,,,,,,,
86,4a08f159f964a52028741fe3,3127339555,publicanchicago,,44296010628,False,,,354,,http://thepublicanrestaurant.com,3,911,9.0,0,1,0,1347,0,1907,"Mon–Thu: 3:30 PM–10:30 PM, Fri: 10:00 AM–11:30 PM, Sat–Sun: 10:00 AM–9:00 PM","['Price: $$$', 'Credit Cards: Yes (incl. American Express & MasterCard)', 'Outdoor Seating: Yes', 'Wi-Fi: No', 'Breakfast: Breakfast', 'Brunch: Brunch', 'Lunch: Lunch', 'Dinner: Dinner', 'Beer: Beer', 'Wine: Wine', 'Cocktails: Cocktails']",$$$,Yes (incl. American Express & MasterCard),Yes,No,Brunch,Lunch,Dinner,Beer,Wine,,Cocktails,,,Breakfast,,,,,,,,,,,,,,,,,,,,
87,59278d15da2e0026b1e8a065,3127330370,beatrixchicago,,262645223881715,False,,,11,,http://beatrixrestaurants.com/beatrix/fulton-market/,3,109,8.9,1,1,0,98,0,58,"Mon–Thu: 8:00 AM–9:00 PM, Fri–Sat: 8:00 AM–10:00 PM, Sun: 8:00 AM–8:00 PM","['Price: $$$', 'Credit Cards: Yes', 'Brunch: Brunch', 'Lunch: Lunch', 'Dinner: Dinner']",$$$,Yes,,,Brunch,Lunch,Dinner,,,,,,,,,,,,,,,,,,,,,,,,,,,
88,55b42cdb498e6093d451d365,3124927775,barsiena,,937433119634335,True,,,45,,https://barsiena.com,4,270,8.7,1,1,0,263,0,128,"Mon–Fri, Sun: 9:00 AM–2:00 AM, Sat: 9:00 AM–3:00 AM","['Price: $$$$', 'Credit Cards: No', 'Outdoor Seating: No', 'Wi-Fi: Yes', 'Brunch: Brunch', 'Lunch: Lunch', 'Dinner: Dinner', 'Happy Hour: Happy Hour', 'Beer: Beer', 'Wine: Wine', 'Full Bar: Full Bar', 'Cocktails: Cocktails', 'Restroom: Yes', 'TVs: Yes']",$$$$,No,No,Yes,Brunch,Lunch,Dinner,Beer,Wine,Full Bar,Cocktails,,,,,Happy Hour,,Yes,,,Yes,,,,,,,,,,,,,
89,548f607b498e7c9be549f4cb,3127334818,momotarochicago,,246238358898658,False,,,8,,http://www.momotarochicago.com,4,38,8.3,0,1,0,60,0,29,"Mon–Thu: 5:00 PM–10:30 PM, Fri: 4:30 PM–11:00 PM, Sat: 4:30 PM–Midnight, Sun: 4:30 PM–10:30 PM","['Price: $$$$', 'Dinner: Dinner']",$$$$,,,,,,Dinner,,,,,,,,,,,,,,,,,,,,,,,,,,,
90,5d027eefad5f630050add575,3122573177,,,389231568241512,False,,,4,,https://boqueriarestaurant.com,3,11,8.3,1,0,0,27,0,20,"Mon: 11:30 AM–10:00 PM, Tue–Thu: 11:30 AM–10:30 PM, Fri–Sat: 11:30 AM–11:00 PM, Sun: 11:30 AM–9:30 PM","['Price: $$$', 'Brunch: Brunch', 'Lunch: Lunch', 'Dinner: Dinner', 'Wine: Wine']",$$$,,,,Brunch,Lunch,Dinner,,Wine,,,,,,,,,,,,,,,,,,,,,,,,,
91,4a53bc01f964a520abb21fe3,3128505005,carnivale312,,70793241091,True,,,142,,http://www.rwhotelneenah.com,3,153,8.6,0,1,0,687,0,223,"Mon–Tue: 11:00 AM–11:00 PM, Wed–Thu: 11:00 AM–Midnight, Fri: 11:00 AM–1:00 AM, Sat: 5:00 PM–1:00 AM, Sun: 10:00 AM–10:00 PM","['Price: $$$', 'Credit Cards: Yes (incl. Discover & Visa)', 'Outdoor Seating: Yes', 'Live Music: Live Music', 'Brunch: Brunch', 'Dinner: Dinner', 'Happy Hour: Happy Hour', 'Beer: Beer', 'Wine: Wine', 'Full Bar: Full Bar', 'Cocktails: Cocktails']",$$$,Yes (incl. Discover & Visa),Yes,,Brunch,,Dinner,Beer,Wine,Full Bar,Cocktails,,,,,Happy Hour,,,,Live Music,,,,,,,,,,,,,,
92,5e2fc6820af4890008de55a4,3128011181,,,,False,,,3,,,3,10,8.3,1,1,0,30,0,11,"Mon–Fri: 4:00 PM–2:00 AM, Sat: 11:00 AM–3:00 AM, Sun: 11:00 AM–2:00 AM","['Price: $$$', 'Outdoor Seating: Yes', 'Brunch: Brunch', 'Lunch: Lunch', 'Dinner: Dinner']",$$$,,Yes,,Brunch,Lunch,Dinner,,,,,,,,,,,,,,,,,,,,,,,,,,,
93,4197f180f964a520181e1fe3,3123772002,,,55233720395,False,,,207,,http://www.avecrestaurant.com,3,543,9.2,1,1,0,731,0,1450,"Mon–Thu: 11:00 AM–2:00 PM, 3:30 PM–1:00 AM, Fri: 11:30 AM–2:00 PM, Sat: 3:30 PM–2:00 AM, Sun: 3:30 PM–1:00 AM","['Price: $$$', 'Credit Cards: Yes (incl. Discover & Visa)', 'Outdoor Seating: Yes', 'Wi-Fi: Free', 'Brunch: Brunch', 'Lunch: Lunch', 'Dinner: Dinner', 'Beer: Beer', 'Wine: Wine', 'Full Bar: Full Bar', 'Cocktails: Cocktails']",$$$,Yes (incl. Discover & Visa),Yes,Free,Brunch,Lunch,Dinner,Beer,Wine,Full Bar,Cocktails,,,,,,,,,,,,,,,,,,,,,,,
94,4a94b02df964a520532220e3,3124210077,piccolosogno,,60514246674,True,,,111,,http://piccolosognorestaurant.com,3,342,9.3,1,1,0,278,0,637,"Mon–Thu: 11:30 AM–2:30 PM, 5:30 PM–10:30 PM, Fri: 11:30 AM–2:30 PM, 5:30 PM–11:00 PM, Sat: 5:30 PM–11:00 PM, Sun: 5:00 PM–10:00 PM","['Price: $$$', 'Credit Cards: Yes (incl. Discover & Visa)', 'Outdoor Seating: Yes', 'Dinner: Dinner', 'Wine: Wine', 'Full Bar: Full Bar', 'Cocktails: Cocktails']",$$$,Yes (incl. Discover & Visa),Yes,,,,Dinner,,Wine,Full Bar,Cocktails,,,,,,,,,,,,,,,,,,,,,,,
95,56f091c8498e0070cb34e43a,,,,,False,,,15,,http://saintlouschicago.com,3,76,7.9,1,0,0,72,0,90,"Mon–Thu: 11:00 AM–3:00 PM, 5:00 PM–10:00 PM, Fri: 11:00 AM–3:00 PM, 5:00 PM–11:00 PM, Sat: 9:00 AM–3:00 PM, 5:00 PM–11:00 PM, Sun: 9:00 AM–3:00 PM, 5:00 PM–10:00 PM","['Price: $$$', 'Credit Cards: Yes', 'Outdoor Seating: Yes', 'Brunch: Brunch', 'Dinner: Dinner', 'Happy Hour: Happy Hour', 'Cocktails: Cocktails']",$$$,Yes,Yes,,Brunch,,Dinner,,,,Cocktails,,,,,Happy Hour,,,,,,,,,,,,,,,,,,
96,577ea4a0498ea60dacc357d8,3122651130,elchebarchicago,,1483311048653271,False,,,9,,http://elchebarchicago.com,4,52,7.4,0,1,0,32,0,79,"Mon–Wed: 5:00 PM–10:00 PM, Thu–Sat: 5:00 PM–11:00 PM, Sun: 5:00 PM–9:00 PM","['Price: $$$$', 'Credit Cards: Yes', 'Outdoor Seating: No', 'Wi-Fi: No', 'Dinner: Dinner', 'Wine: Wine', 'Full Bar: Full Bar', 'Cocktails: Cocktails']",$$$$,Yes,No,No,,,Dinner,,Wine,Full Bar,Cocktails,,,,,,,,,,,,,,,,,,,,,,,
97,526728db11d293604832307d,3122438955,,,,False,,,97,,http://the-dawson.com,3,350,8.6,1,1,0,351,0,333,"Tue–Wed: 4:00 PM–10:00 PM, Thu: 4:00 PM–9:30 PM, Fri: 4:00 PM–Midnight, Sat: 11:00 AM–Midnight, Sun: 11:00 AM–9:00 PM","['Price: $$$', 'Credit Cards: Yes (incl. Visa)', 'Outdoor Seating: Yes', 'Wi-Fi: Yes', 'Lunch: Lunch', 'Dinner: Dinner', 'Beer: Beer', 'Wine: Wine', 'Full Bar: Full Bar', 'Cocktails: Cocktails']",$$$,Yes (incl. Visa),Yes,Yes,,Lunch,Dinner,Beer,Wine,Full Bar,Cocktails,,,,,,,,,,,,,,,,,,,,,,,
98,52f2d55411d24f3791a9943b,3122078894,tanoshiisushi,,,True,,,19,,http://www.tanoshiisushi.com,3,24,7.5,0,1,0,32,0,37,"Mon–Wed: 11:00 AM–2:00 PM, 4:30 PM–10:00 PM, Thu–Fri: 11:00 AM–2:00 PM, 4:30 PM–Midnight, Sat: 4:30 PM–Midnight, Sun: 4:30 PM–10:00 PM","['Price: $$$', 'Credit Cards: Yes (incl. Discover & Visa)', 'Outdoor Seating: No', 'Lunch: Lunch', 'Dinner: Dinner']",$$$,Yes (incl. Discover & Visa),No,,,Lunch,Dinner,,,,,,,,,,,,,,,,,,,,,,,,,,,
99,593f22ccfe37404c1ad6f0ad,3124661950,,proxichicago,1200751816637866,False,,,22,,https://www.proxichicago.com,3,40,8.7,0,0,0,62,0,187,"Mon–Thu: 4:00 PM–1:00 AM, Fri–Sat: 3:00 PM–2:00 AM","['Price: $$$', 'Credit Cards: Yes', 'Outdoor Seating: No', 'Dinner: Dinner', 'Wine: Wine']",$$$,Yes,No,,,,Dinner,,Wine,,,,,,,,,,,,,,,,,,,,,,,,,
100,49dcd38ff964a520a95f1fe3,3124411920,sepiachicago,sepiachicago,63852627446,False,,,63,,http://www.sepiachicago.com,4,101,8.3,0,1,0,162,0,454,"Mon–Thu: 11:30 AM–2:00 PM, 4:30 PM–9:30 PM, Fri: 11:30 AM–2:00 PM, 4:30 PM–10:30 PM, Sat: 4:30 PM–10:30 PM, Sun: 5:00 PM–9:00 PM","['Price: $$$$', 'Credit Cards: Yes (incl. Discover & Visa)', 'Outdoor Seating: No', 'Music: No', 'Wi-Fi: No', 'Lunch: Lunch', 'Dinner: Dinner', 'Dessert: Dessert', 'Happy Hour: Happy Hour', 'Beer: Beer', 'Wine: Wine', 'Full Bar: Full Bar', 'Cocktails: Cocktails', 'Table Service: Table Service', 'Street Parking: Street', 'Valet Parking: Valet', 'Coat Check: Yes', 'Restroom: Yes', 'Wheelchair Accessible: Yes']",$$$$,Yes (incl. Discover & Visa),No,No,,Lunch,Dinner,Beer,Wine,Full Bar,Cocktails,,,,Dessert,Happy Hour,Yes,,,,Yes,,No,,Yes,,,,Street,Valet,,,Table Service,
101,59f24ee8178a2a3eed77233b,3126670104,,,,False,,,10,,https://www.bellemorechicago.com,3,45,7.6,1,1,0,50,0,84,Tue–Sat: 4:00 PM–9:00 PM,"['Price: $$$', 'Breakfast: Breakfast', 'Dinner: Dinner']",$$$,,,,,,Dinner,,,,,,,Breakfast,,,,,,,,,,,,,,,,,,,,
102,4bd3825f046076b09b4c7671,3128298820,,,,False,,,31,,http://www.santorinichicago.com,4,62,7.0,0,1,0,64,0,28,Couldn't get hours.,"['Price: $$$$', 'Credit Cards: Yes (incl. Discover & Visa)', 'Outdoor Seating: No', 'Lunch: Lunch', 'Dinner: Dinner', 'Cocktails: Cocktails']",$$$$,Yes (incl. Discover & Visa),No,,,Lunch,Dinner,,,,Cocktails,,,,,,,,,,,,,,,,,,,,,,,
103,4c1a50a0b9f876b0ea6f7846,3126022104,,,,True,,,3,,http://www.metroklub.com,3,2,,0,1,0,1,0,4,Mon–Thu: 11:00 AM–3:00 PM,"['Price: $$$', 'Outdoor Seating: No']",$$$,,No,,,,,,,,,,,,,,,,,,,,,,,,,,,,,,,
104,5766bff3498ebe1c9b367c47,,,,,False,,,0,,,3,1,,0,0,0,0,0,1,Couldn't get hours.,['Price: $$$'],$$$,,,,,,,,,,,,,,,,,,,,,,,,,,,,,,,,,
105,4f9c9968e4b0e9595b3cfaff,7738712100,chezmoichicago,,416838881667923,True,,,27,,http://chezmoichicago.com,3,62,8.4,0,1,0,86,0,65,"Mon–Thu: 5:00 PM–10:00 PM, Fri–Sat: 5:00 AM–11:00 PM, Sun: 10:30 AM–3:00 PM, 5:00 PM–10:00 PM","['Price: $$$', 'Credit Cards: Yes (incl. Discover & Visa)', 'Outdoor Seating: Yes', 'Live Music: Live Music', 'Wi-Fi: Free', 'Brunch: Brunch', 'Lunch: Lunch', 'Dinner: Dinner', 'Full Bar: Full Bar', 'Cocktails: Cocktails']",$$$,Yes (incl. Discover & Visa),Yes,Free,Brunch,Lunch,Dinner,,,Full Bar,Cocktails,,,,,,,,,Live Music,,,,,,,,,,,,,,
106,4a74ca32f964a5209bdf1fe3,7738329999,saporitrattoria,,,True,,,88,,http://www.saporitrattoria.net,3,60,8.7,1,1,0,167,0,130,"Mon–Thu: 4:30 PM–9:30 PM, Fri: 4:30 PM–10:00 PM, Sat: 4:00 PM–10:00 PM, Sun: 3:00 PM–9:30 PM","['Price: $$$', 'Credit Cards: Yes (incl. Discover & Visa)', 'Outdoor Seating: Yes', 'Live Music: Live Music', 'Dinner: Dinner', 'Wine: Wine', 'Full Bar: Full Bar', 'Cocktails: Cocktails']",$$$,Yes (incl. Discover & Visa),Yes,,,,Dinner,,Wine,Full Bar,Cocktails,,,,,,,,,Live Music,,,,,,,,,,,,,,
107,4adcf41bf964a520d96221e3,7735492595,,,,False,,,38,,http://www.cocinatarascas.com,3,68,7.9,1,0,0,80,0,19,"Mon–Thu: 4:00 PM–11:00 PM, Fri: 4:00 PM–Midnight, Sat: 11:00 AM–Midnight, Sun: 11:00 AM–11:00 PM","['Price: $$$', 'Reservations: Yes', 'Credit Cards: Yes', 'Outdoor Seating: Yes', 'Music: Yes', 'Brunch: Brunch', 'Dinner: Dinner', 'Full Bar: Full Bar', 'Cocktails: Cocktails', 'Restroom: Yes', 'Wheelchair Accessible: Yes']",$$$,Yes,Yes,,Brunch,,Dinner,,,Full Bar,Cocktails,Yes,,,,,Yes,,,,Yes,,Yes,,,,,,,,,,,
108,5668d4fb498eede0b65b1841,7732483000,,,,False,,,29,,http://oysterbah.com,4,35,8.5,1,1,0,85,0,90,"Mon–Fri, Sun: 3:00 PM–8:00 PM, Sat: Noon–8:00 PM","['Price: $$$$', 'Credit Cards: Yes', 'Outdoor Seating: No', 'Brunch: Brunch', 'Dinner: Dinner', 'Full Bar: Full Bar', 'Cocktails: Cocktails']",$$$$,Yes,No,,Brunch,,Dinner,,,Full Bar,Cocktails,,,,,,,,,,,,,,,,,,,,,,,
109,5952e3120336937901437793,3122650259,bluedoorlp,bluedoorlp,442471029185167,False,,,7,,http://bluedoorfarmstand.com,3,30,7.6,1,0,0,30,0,36,"Mon–Thu, Sun: 8:00 AM–10:00 PM, Fri–Sat: 8:00 AM–11:00 PM","['Price: $$$', 'Brunch: Brunch', 'Lunch: Lunch', 'Dinner: Dinner']",$$$,,,,Brunch,Lunch,Dinner,,,,,,,,,,,,,,,,,,,,,,,,,,,
110,5832529f9900e64a56be3eca,8722419088,,,,False,,,1,,http://kiegol.com,3,7,8.3,1,0,0,20,0,16,"Mon–Fri: 5:00 PM–10:00 PM, Sat–Sun: 10:00 AM–10:00 PM","['Price: $$$', 'Reservations: Yes', 'Credit Cards: Yes', 'Brunch: Brunch', 'Lunch: Lunch', 'Dinner: Dinner', 'Restroom: Yes']",$$$,Yes,,,Brunch,Lunch,Dinner,,,,,Yes,,,,,,,,,Yes,,,,,,,,,,,,,
111,49f0c67ff964a52056691fe3,7735062662,,,,False,,,10,,http://www.annamariapasteria.com,3,8,5.6,1,1,0,13,0,6,Couldn't get hours.,"['Price: $$$', 'Credit Cards: Yes (incl. Discover & MasterCard)', 'Outdoor Seating: No']",$$$,Yes (incl. Discover & MasterCard),No,,,,,,,,,,,,,,,,,,,,,,,,,,,,,,,
112,4a1dd042f964a520997b1fe3,7732966800,,,,False,,,54,,http://wakamonosushi.com,3,68,8.2,0,1,0,94,0,48,"Mon–Sat: 4:00 PM–11:00 PM, Sun: Noon–11:00 PM","['Price: $$$', 'Credit Cards: Yes (incl. Discover & Visa)', 'Outdoor Seating: Yes', 'Dinner: Dinner', 'Wine: Wine', 'Full Bar: Full Bar', 'Cocktails: Cocktails', 'BYO: BYO']",$$$,Yes (incl. Discover & Visa),Yes,,,,Dinner,,Wine,Full Bar,Cocktails,,,,,,,,,,,,,,,,,,,,BYO,,,
113,50ff4074e4b0a270f9b44316,7736616384,miltsbbq,,,True,,,19,,http://www.miltsbbq.com,3,48,6.8,0,1,0,49,0,56,"Mon–Thu, Sun: 11:30 AM–10:00 PM, Fri: 11:30 AM–1:30 PM","['Price: $$$', 'Credit Cards: Yes', 'Outdoor Seating: No', 'Brunch: Brunch', 'Lunch: Lunch', 'Dinner: Dinner']",$$$,Yes,No,,Brunch,Lunch,Dinner,,,,,,,,,,,,,,,,,,,,,,,,,,,
114,5932195afdb9a77bd8a3b372,7736611671,daisieschicago,daisieschicago,,False,,,12,,https://www.daisieschicago.com,3,48,8.8,1,0,0,35,0,113,Wed–Sun: 5:00 PM–10:00 PM,"['Price: $$$', 'Outdoor Seating: Yes', 'Brunch: Brunch', 'Lunch: Lunch', 'Dinner: Dinner', 'Dessert: Dessert', 'Wine: Wine', 'Cocktails: Cocktails']",$$$,,Yes,,Brunch,Lunch,Dinner,,Wine,,Cocktails,,,,Dessert,,,,,,,,,,,,,,,,,,,
115,5f6cd1de4cff341d5040aa3f,,,,,False,,,3,,,3,6,7.9,1,0,0,10,0,12,Couldn't get hours.,"['Price: $$$', 'Brunch: Brunch', 'Lunch: Lunch', 'Dinner: Dinner']",$$$,,,,Brunch,Lunch,Dinner,,,,,,,,,,,,,,,,,,,,,,,,,,,
116,4a6de13ef964a5203ad31fe3,7734775466,,,,False,,,126,,http://folklorechicago.com/tangosur/index.html,3,116,8.9,0,1,0,256,0,270,"Mon–Thu: 5:00 PM–10:30 PM, Fri: 5:00 PM–11:30 PM, Sat: 3:00 PM–11:30 PM, Sun: Noon–11:00 PM","['Price: $$$', 'Reservations: Yes', 'Credit Cards: Yes (incl. American Express)', 'Outdoor Seating: Yes', 'Brunch: Brunch', 'Dinner: Dinner', 'Happy Hour: Happy Hour', 'Wine: Wine', 'BYO: BYO']",$$$,Yes (incl. American Express),Yes,,Brunch,,Dinner,,Wine,,,Yes,,,,Happy Hour,,,,,,,,,,,,,,,BYO,,,
117,56a42f6a498e42e6074b741a,7733251710,,,,False,,,8,,,3,19,7.2,0,0,0,22,0,3,Couldn't get hours.,"['Price: $$$', 'Credit Cards: Yes (incl. Discover)', 'Outdoor Seating: Yes', 'Full Bar: Full Bar', 'Cocktails: Cocktails']",$$$,Yes (incl. Discover),Yes,,,,,,,Full Bar,Cocktails,,,,,,,,,,,,,,,,,,,,,,,
118,40b28c80f964a520ddfb1ee3,3123379400,capitalgrille,,102884280145,True,,,60,,http://thecapitalgrille.com,3,156,8.7,0,1,0,197,0,96,"Mon–Thu: 11:30 AM–9:00 PM, Fri: 11:30 AM–10:00 PM, Sat: 5:00 PM–10:00 PM, Sun: 5:00 PM–9:00 PM","['Price: $$$', 'Credit Cards: Yes', 'Outdoor Seating: No', 'Wi-Fi: Free', 'Lunch: Lunch', 'Dinner: Dinner', 'Wine: Wine', 'Full Bar: Full Bar', 'Cocktails: Cocktails']",$$$,Yes,No,Free,,Lunch,Dinner,,Wine,Full Bar,Cocktails,,,,,,,,,,,,,,,,,,,,,,,
119,56290b27498e2c6aacd233fe,3126420001,beatrixchicago,,,False,,,59,,http://beatrixchicago.com/streeterville/,4,111,9.0,1,1,0,200,0,329,"Mon–Fri: 7:00 AM–9:00 PM, Sat: 8:00 AM–9:00 PM, Sun: 8:00 AM–8:00 PM","['Price: $$$$', 'Credit Cards: Yes', 'Outdoor Seating: Yes', 'Wi-Fi: Yes', 'Breakfast: Breakfast', 'Brunch: Brunch', 'Lunch: Lunch', 'Happy Hour: Happy Hour', 'Wine: Wine', 'Full Bar: Full Bar', 'Cocktails: Cocktails']",$$$$,Yes,Yes,Yes,Brunch,Lunch,,,Wine,Full Bar,Cocktails,,,Breakfast,,Happy Hour,,,,,,,,,,,,,,,,,,
120,4abc187ff964a520588620e3,3124109900,volare_chicago,,135948846450088,False,,,127,,http://volarerestaurant.com,3,233,8.5,1,1,0,299,0,137,"Mon–Thu: 11:00 AM–10:30 PM, Fri–Sat: 11:00 AM–11:00 PM, Sun: 11:00 AM–10:00 PM","['Price: $$$', 'Reservations: Yes', 'Credit Cards: Yes (incl. American Express)', 'Outdoor Seating: Yes', 'Dinner: Dinner', 'Beer: Beer', 'Wine: Wine', 'Full Bar: Full Bar', 'Cocktails: Cocktails']",$$$,Yes (incl. American Express),Yes,,,,Dinner,Beer,Wine,Full Bar,Cocktails,Yes,,,,,,,,,,,,,,,,,,,,,,
121,429e4c00f964a520b7241fe3,3126443524,,,,True,,,211,,http://banderarestaurants.com/locations/chicago/,3,373,8.7,0,1,0,404,0,276,"Mon–Thu, Sun: 11:30 AM–10:00 PM, Fri–Sat: 11:30 AM–11:00 PM","['Price: $$$', 'Reservations: Yes', 'Credit Cards: Yes', 'Outdoor Seating: No', 'Live Music: Live Music', 'Brunch: Brunch', 'Lunch: Lunch', 'Dinner: Dinner', 'Happy Hour: Happy Hour', 'Beer: Beer', 'Wine: Wine', 'Full Bar: Full Bar', 'Cocktails: Cocktails']",$$$,Yes,No,,Brunch,Lunch,Dinner,Beer,Wine,Full Bar,Cocktails,Yes,,,,Happy Hour,,,,Live Music,,,,,,,,,,,,,,
122,5723af9b498ed2977266a012,3122558505,,,135097626533775,True,,,11,,http://www.copperfoxgastropub.com/?y_source=1_MzUxMzIzNS00NDAtbG9jYXRpb24ud2Vic2l0ZQ==,3,45,8.1,1,1,0,63,0,10,"Mon–Thu: 6:30 AM–10:00 PM, Fri: 6:30 AM–11:00 PM, Sat: 7:00 AM–11:00 PM, Sun: 7:00 AM–10:00 PM","['Price: $$$', 'Credit Cards: Yes', 'Outdoor Seating: Yes', 'Happy Hour: Happy Hour', 'Full Bar: Full Bar', 'Cocktails: Cocktails', 'Bar Service: Bar Service', 'Delivery: Delivery', 'Restroom: Yes']",$$$,Yes,Yes,,,,,,,Full Bar,Cocktails,,,,,Happy Hour,,,,,Yes,,,Bar Service,,,,Delivery,,,,,,
123,4a2ae23af964a52064961fe3,3123795637,joeschicago,joesseafood,108921829133449,True,,,218,,http://www.joes.net/chicago,3,282,9.4,1,1,0,906,0,696,"Mon–Thu: 11:30 AM–9:00 PM, Fri: 11:30 AM–10:00 PM, Sat: 11:00 AM–10:00 PM, Sun: 11:00 AM–9:00 PM","['Price: $$$', 'Credit Cards: Yes (incl. Discover & Visa)', 'Outdoor Seating: No', 'Wi-Fi: Free', 'Lunch: Lunch', 'Dinner: Dinner', 'Dessert: Dessert', 'Happy Hour: Happy Hour', 'Beer: Beer', 'Wine: Wine', 'Full Bar: Full Bar', 'Cocktails: Cocktails', 'Valet Parking: Valet', 'Coat Check: Yes', 'Restroom: Yes']",$$$,Yes (incl. Discover & Visa),No,Free,,Lunch,Dinner,Beer,Wine,Full Bar,Cocktails,,,,Dessert,Happy Hour,,,,,Yes,,,,Yes,,,,,Valet,,,,
124,53164839498e6fdf28f9e12e,3125951114,eddievs,,120283141419641,True,,,17,,http://eddiev.com,3,67,8.5,0,1,0,96,0,28,Mon–Sun: 4:00 PM–9:00 PM,"['Price: $$$', 'Credit Cards: Yes (incl. American Express & MasterCard)', 'Outdoor Seating: No', 'Live Music: Live Music', 'Wi-Fi: Yes', 'Brunch: Brunch', 'Lunch: Lunch', 'Dinner: Dinner', 'Happy Hour: Happy Hour', 'Wine: Wine', 'Full Bar: Full Bar', 'Cocktails: Cocktails']",$$$,Yes (incl. American Express & MasterCard),No,Yes,Brunch,Lunch,Dinner,,Wine,Full Bar,Cocktails,,,,,Happy Hour,,,,Live Music,,,,,,,,,,,,,,
125,5aab0370d1a40279ad099659,,,,,False,,,6,,,4,14,8.3,1,0,0,30,0,10,Couldn't get hours.,"['Price: $$$$', 'Dinner: Dinner']",$$$$,,,,,,Dinner,,,,,,,,,,,,,,,,,,,,,,,,,,,
126,4e4d56e822717c65aca7fab1,3123218823,mjshchicago,,,True,,,144,,http://www.mjshchicago.com,4,396,8.1,1,1,0,752,0,182,"Mon–Thu, Sun: 11:00 AM–1:00 AM, Fri–Sat: 11:00 AM–2:00 AM","['Price: $$$$', 'Credit Cards: Yes (incl. Discover & Visa)', 'Outdoor Seating: Yes', 'Wi-Fi: Yes', 'Brunch: Brunch', 'Lunch: Lunch', 'Dinner: Dinner', 'Happy Hour: Happy Hour', 'Beer: Beer', 'Full Bar: Full Bar', 'Cocktails: Cocktails']",$$$$,Yes (incl. Discover & Visa),Yes,Yes,Brunch,Lunch,Dinner,Beer,,Full Bar,Cocktails,,,,,Happy Hour,,,,,,,,,,,,,,,,,,
127,5303ead711d21c9427b55466,3127876768,,,,False,,,31,,http://sidedoorchicago.com,3,72,8.4,0,0,0,116,0,56,"Mon–Sat: 11:30 AM–11:00 PM, Sun: 11:30 AM–10:00 PM","['Price: $$$', 'Reservations: Yes', 'Credit Cards: Yes', 'Outdoor Seating: No', 'Wi-Fi: No', 'Happy Hour: Happy Hour', 'Beer: Beer', 'Full Bar: Full Bar', 'Cocktails: Cocktails']",$$$,Yes,No,No,,,,Beer,,Full Bar,Cocktails,Yes,,,,Happy Hour,,,,,,,,,,,,,,,,,,
128,522fdf320493d5258ca1f8b0,3126671701,shakeshack,,124653650181,True,,,131,,http://www.shakeshack.com,3,746,8.5,1,0,0,561,0,161,Mon–Sun: 11:00 AM–11:00 PM,"['Price: $$$', 'Reservations: No', 'Credit Cards: Yes', 'Outdoor Seating: Yes', 'Wi-Fi: Yes', 'Lunch: Lunch', 'Dinner: Dinner', 'Beer: Beer']",$$$,Yes,Yes,Yes,,Lunch,Dinner,Beer,,,,No,,,,,,,,,,,,,,,,,,,,,,
129,57460d71cd1084eabbdb5785,3125218700,,,,False,,,4,,,3,21,8.6,0,1,0,28,0,13,Couldn't get hours.,"['Price: $$$', 'Brunch: Brunch', 'Lunch: Lunch', 'Dinner: Dinner']",$$$,,,,Brunch,Lunch,Dinner,,,,,,,,,,,,,,,,,,,,,,,,,,,
130,4c45fae2f9652d7f38bd132b,3125736695,thepeninsulachi,,,True,,,27,,http://chicago.peninsula.com/en/fine-dining/the-lobby-afternoon-tea,3,59,8.7,0,1,0,197,0,107,"Mon–Thu: 6:30 AM–10:00 PM, Fri–Sat: 6:30 AM–Midnight, Sun: 7:00 AM–10:00 PM","['Price: $$$', 'Reservations: Yes', 'Credit Cards: Yes', 'Outdoor Seating: No', 'Live Music: Live Music', 'Wi-Fi: Free', 'Dessert: Dessert', 'Full Bar: Full Bar', 'Cocktails: Cocktails']",$$$,Yes,No,Free,,,,,,Full Bar,Cocktails,Yes,,,Dessert,,,,,Live Music,,,,,,,,,,,,,,
131,5952c0f59de23b74a3c5a198,3122664848,steak_48,,403914839993168,True,,,34,,https://steak48.com,3,69,8.9,0,1,0,73,0,45,"Mon–Thu, Sun: 5:00 PM–10:00 PM, Fri–Sat: 4:00 PM–11:00 PM","['Price: $$$', 'Dinner: Dinner', 'Wine: Wine']",$$$,,,,,,Dinner,,Wine,,,,,,,,,,,,,,,,,,,,,,,,,
132,543d94fe498e006132008592,3125950888,laoszechuan_dt,,,True,,,29,,http://laoszechuandowntown-hub.com,3,75,7.7,1,1,0,122,0,25,Mon–Sun: Noon–10:00 PM,"['Price: $$$', 'Credit Cards: Yes (incl. Discover & Visa)', 'Outdoor Seating: No', 'Lunch: Lunch', 'Dinner: Dinner', 'Happy Hour: Happy Hour', 'Full Bar: Full Bar', 'Cocktails: Cocktails']",$$$,Yes (incl. Discover & Visa),No,,,Lunch,Dinner,,,Full Bar,Cocktails,,,,,Happy Hour,,,,,,,,,,,,,,,,,,
133,52ae4af911d2ab1eb0e54c06,,,,,False,,,4,,,3,14,8.5,0,0,0,16,0,1,Couldn't get hours.,"['Price: $$$', 'Reservations: No', 'Credit Cards: Yes', 'Outdoor Seating: No']",$$$,Yes,No,,,,,,,,,No,,,,,,,,,,,,,,,,,,,,,,
134,5511bec9498edabc0e151ccf,3125218700,,,,False,,,19,,https://www.eataly.com/us_en/stores/chicago/chicago-la-pizza-la-pasta/,4,74,8.1,0,1,0,140,0,21,Couldn't get hours.,"['Price: $$$$', 'Credit Cards: Yes', 'Outdoor Seating: No', 'Beer: Beer']",$$$$,Yes,No,,,,,Beer,,,,,,,,,,,,,,,,,,,,,,,,,,
135,4b39760af964a520dc5c25e3,3125736695,thepeninsulachi,,,True,,,44,,http://chicago.peninsula.com/en/fine-dining/shanghai-terrace-chinese-restaurant,3,21,8.0,0,1,0,179,0,105,"Mon–Thu: 5:00 PM–10:30 PM, Fri, Sun: 11:30 AM–10:30 PM, Sat: 11:30 AM–10:00 PM","['Price: $$$', 'Credit Cards: Yes (incl. Discover & Visa)', 'Outdoor Seating: Yes', 'Wi-Fi: Free', 'Brunch: Brunch', 'Dinner: Dinner', 'Full Bar: Full Bar', 'Cocktails: Cocktails']",$$$,Yes (incl. Discover & Visa),Yes,Free,Brunch,,Dinner,,,Full Bar,Cocktails,,,,,,,,,,,,,,,,,,,,,,,
136,4a7b6a36f964a520f0ea1fe3,3126161000,palmrestaurant,thepalmrestaurantchicago,160913877317134,True,,,22,,http://www.swissotel.com/swissotelhotelsresorts,4,60,8.4,1,1,0,73,0,20,Mon–Sun: 11:00 AM–10:00 PM,"['Price: $$$$', 'Credit Cards: Yes (incl. Discover & Visa)', 'Outdoor Seating: No', 'Lunch: Lunch', 'Dinner: Dinner', 'Full Bar: Full Bar', 'Cocktails: Cocktails']",$$$$,Yes (incl. Discover & Visa),No,,,Lunch,Dinner,,,Full Bar,Cocktails,,,,,,,,,,,,,,,,,,,,,,,
137,4af42ee0f964a52073f021e3,3125736749,thepeninsulachi,,,True,,,95,,http://chicago.peninsula.com/en/fine-dining/pierrot-gourmet-cafe,3,90,8.3,0,0,0,496,0,237,"Mon–Thu, Sun: 7:00 AM–9:00 PM, Fri–Sat: 7:00 AM–10:00 PM","['Price: $$$', 'Reservations: No', 'Credit Cards: Yes', 'Outdoor Seating: Yes', 'Wi-Fi: Free', 'Brunch: Brunch', 'Lunch: Lunch', 'Dessert: Dessert', 'Wine: Wine', 'Cocktails: Cocktails']",$$$,Yes,Yes,Free,Brunch,Lunch,,,Wine,,Cocktails,No,,,Dessert,,,,,,,,,,,,,,,,,,,
138,4babf4b2f964a52003d93ae3,3126262444,bennyschophouse,,,False,,,65,,http://www.bennyschophouse.com,3,112,8.1,0,1,0,202,0,79,Mon–Sun: 11:30 AM–Midnight,"['Price: $$$', 'Credit Cards: Yes (incl. Discover & Visa)', 'Outdoor Seating: Yes', 'Live Music: Live Music', 'Dinner: Dinner', 'Wine: Wine', 'Full Bar: Full Bar', 'Coat Check: Yes', 'Restroom: Yes', 'TVs: Yes']",$$$,Yes (incl. Discover & Visa),Yes,,,,Dinner,,Wine,Full Bar,,,,,,,,Yes,,Live Music,Yes,,,,Yes,,,,,,,,,
139,5c00b7ad56c89f002c9b038f,3125253400,,althearestaurant,,False,,,3,,https://www.matthewkenneycuisine.com/althea,3,5,7.0,1,1,0,25,0,13,"Mon–Thu: 11:00 AM–8:00 PM, Fri–Sat: 11:00 AM–9:00 PM, Sun: 11:00 AM–5:00 PM","['Price: $$$', 'Brunch: Brunch', 'Lunch: Lunch', 'Cocktails: Cocktails']",$$$,,,,Brunch,Lunch,,,,,Cocktails,,,,,,,,,,,,,,,,,,,,,,,
140,4c3b78ec16cb2d7fa1ed02a9,3122431535,aramichicago,,,True,,,59,,http://aramichicago.com,4,113,8.4,1,1,0,176,0,242,"Mon–Thu, Sun: 5:00 PM–9:30 PM, Fri–Sat: 5:00 PM–10:30 PM","['Price: $$$$', 'Reservations: Yes', 'Credit Cards: Yes (incl. American Express & MasterCard)', 'Outdoor Seating: No', 'Wine: Wine', 'Full Bar: Full Bar', 'Cocktails: Cocktails']",$$$$,Yes (incl. American Express & MasterCard),No,,,,,,Wine,Full Bar,Cocktails,Yes,,,,,,,,,,,,,,,,,,,,,,
141,4a29af59f964a520c2951fe3,7732521466,,,,False,,,37,,http://www.schwarestaurant.com,4,68,8.8,0,1,0,85,0,290,Tue–Sat: 5:30 PM–10:30 PM,"['Price: $$$$', 'Reservations: Yes', 'Credit Cards: Yes', 'Outdoor Seating: No', 'Dinner: Dinner', 'Wine: Wine', 'Cocktails: Cocktails', 'BYO: BYO']",$$$$,Yes,No,,,,Dinner,,Wine,,Cocktails,Yes,,,,,,,,,,,,,,,,,,,BYO,,,
142,57804fae498eb7aac7c28cba,7736879929,,,116923768734000,False,,,11,,,3,40,7.6,1,0,0,37,0,36,"Mon–Fri: 3:00 PM–10:00 PM, Sat: 1:00 PM–10:00 PM, Sun: 1:00 PM–9:00 PM","['Price: $$$', 'Reservations: No', 'Outdoor Seating: No', 'Full Bar: Full Bar']",$$$,,No,,,,,,,Full Bar,,No,,,,,,,,,,,,,,,,,,,,,,
143,5c87e6933abcaf002d3b31b7,7732767422,,,1118107571563295,False,,,7,,https://www.dinemachine.com,3,25,6.8,1,0,0,45,0,41,"Mon–Fri: 4:00 PM–2:00 AM, Sat: 9:00 AM–3:00 AM, Sun: 9:00 AM–Midnight","['Price: $$$', 'Brunch: Brunch', 'Lunch: Lunch', 'Dinner: Dinner']",$$$,,,,Brunch,Lunch,Dinner,,,,,,,,,,,,,,,,,,,,,,,,,,,
144,5d4ccc5878bb0e0007adb559,,,,,False,,,1,,,3,0,,0,0,0,12,0,2,Couldn't get hours.,['Price: $$$'],$$$,,,,,,,,,,,,,,,,,,,,,,,,,,,,,,,,,
145,5f417edc4af8554dc900565f,7737703766,,,,True,,,0,,,4,0,,0,1,0,10,0,11,"Mon–Thu: 5:00 PM–1:00 AM, Fri: 5:00 PM–11:00 PM, Sat–Sun: 11:00 AM–1:00 AM","['Price: $$$$', 'Brunch: Brunch', 'Lunch: Lunch', 'Dinner: Dinner']",$$$$,,,,Brunch,Lunch,Dinner,,,,,,,,,,,,,,,,,,,,,,,,,,,
146,4a986f7bf964a520002c20e3,3124215547,,,,False,,,5,,,3,0,,0,0,0,0,0,2,Couldn't get hours.,['Price: $$$'],$$$,,,,,,,,,,,,,,,,,,,,,,,,,,,,,,,,,
147,5529cd75498effc390781414,7736612116,,,,False,,,19,,http://boeufhaus.com,4,74,8.5,0,1,0,62,0,173,"Tue–Thu: 11:00 AM–11:00 PM, Fri–Sat: 11:00 AM–Midnight, Sun: 5:30 PM–10:00 PM","['Price: $$$$', 'Reservations: Yes', 'Credit Cards: Yes', 'Outdoor Seating: No', 'Brunch: Brunch', 'Beer: Beer', 'Full Bar: Full Bar', 'Cocktails: Cocktails']",$$$$,Yes,No,,Brunch,,,Beer,,Full Bar,Cocktails,Yes,,,,,,,,,,,,,,,,,,,,,,
148,4fd4f7e6e4b034e1fabcdfdb,7732785776,kaizanchicago,,,False,,,57,,http://eatatkaizan.com,4,54,9.1,0,1,0,221,0,395,"Mon–Thu, Sun: 5:00 PM–10:00 PM, Fri–Sat: 5:00 PM–11:00 PM","['Price: $$$$', 'Reservations: Yes', 'Credit Cards: Yes', 'Outdoor Seating: No', 'Dinner: Dinner', 'Cocktails: Cocktails', 'BYO: BYO']",$$$$,Yes,No,,,,Dinner,,,,Cocktails,Yes,,,,,,,,,,,,,,,,,,,BYO,,,
149,4fac7e4ce4b08541e8f0a1f0,7734862636,nandomilanotrat,,,False,,,16,,http://www.nandomilano.com,3,41,8.3,0,1,0,49,0,28,"Mon–Thu: 5:00 PM–10:00 PM, Fri–Sat: 5:00 PM–11:00 PM, Sun: 4:00 PM–9:00 PM","['Price: $$$', 'Credit Cards: Yes (incl. Discover & Visa)', 'Outdoor Seating: Yes', 'Dinner: Dinner', 'Wine: Wine', 'Full Bar: Full Bar', 'Cocktails: Cocktails']",$$$,Yes (incl. Discover & Visa),Yes,,,,Dinner,,Wine,Full Bar,Cocktails,,,,,,,,,,,,,,,,,,,,,,,
150,584f06a1f22995086629aab9,7736974413,,splitrailchicago,1229210350440762,False,,,8,,https://www.splitrailchicago.com,3,34,7.9,1,0,0,27,0,54,"Mon: 3:00 PM–10:00 PM, Tue–Thu: 5:00 PM–10:00 PM, Fri–Sat: 5:00 PM–11:00 PM",['Price: $$$'],$$$,,,,,,,,,,,,,,,,,,,,,,,,,,,,,,,,,
151,557371d7498ef4e26de82da4,3122482800,,,,False,,,3,,http://wixtermarket.com,3,9,7.4,0,0,0,2,0,5,Couldn't get hours.,['Price: $$$'],$$$,,,,,,,,,,,,,,,,,,,,,,,,,,,,,,,,,
152,4a345e4cf964a520249c1fe3,7732521558,,,,False,,,47,,http://www.taximchicago.com,3,93,8.9,1,1,0,66,0,206,"Mon–Thu: 5:30 PM–10:00 PM, Fri–Sat: 5:30 PM–11:00 PM, Sun: 5:00 PM–9:30 PM","['Price: $$$', 'Credit Cards: Yes (incl. Discover & Visa)', 'Outdoor Seating: Yes', 'Dinner: Dinner', 'Wine: Wine', 'Full Bar: Full Bar']",$$$,Yes (incl. Discover & Visa),Yes,,,,Dinner,,Wine,Full Bar,,,,,,,,,,,,,,,,,,,,,,,,
153,4c783985dbaa76b0fa28144b,7736612696,chefnaveen,,,False,,,3,,http://naveenscuisine.com,3,5,7.7,0,1,0,9,0,5,Couldn't get hours.,"['Price: $$$', 'Reservations: Yes', 'Outdoor Seating: Yes']",$$$,,Yes,,,,,,,,,Yes,,,,,,,,,,,,,,,,,,,,,,
154,51833130498e228aa88c0e95,7734861118,,,,False,,,8,,http://garisushitogo.com,3,9,7.1,0,1,0,13,0,6,"Tue–Fri: 4:00 PM–11:00 PM, Sat: Noon–Midnight, Sun: Noon–10:00 PM","['Price: $$$', 'Outdoor Seating: No', 'BYO: BYO']",$$$,,No,,,,,,,,,,,,,,,,,,,,,,,,,,,,BYO,,,
155,5b6500106f0aa2002cefb486,,,,,False,,,0,,,3,1,,0,0,0,1,0,1,Couldn't get hours.,['Price: $$$'],$$$,,,,,,,,,,,,,,,,,,,,,,,,,,,,,,,,,
156,56199b9f498e26fd033cbe10,3124759116,,,,False,,,71,,https://www.restorationhardware.com/content/category.jsp?context=Restaurant_CHI,3,89,9.3,0,1,0,621,0,711,"Mon–Sat: 10:00 AM–9:00 PM, Sun: 10:00 AM–7:00 PM","['Price: $$$', 'Reservations: No', 'Outdoor Seating: Yes', 'Wi-Fi: Yes', 'Brunch: Brunch', 'Lunch: Lunch', 'Dinner: Dinner', 'Wine: Wine']",$$$,,Yes,Yes,Brunch,Lunch,Dinner,,Wine,,,No,,,,,,,,,,,,,,,,,,,,,,
157,561af710498ef927dbf9b658,3129448888,mapleandash,,724155607661596,False,,,50,,http://mapleandash.com,4,197,9.0,1,1,0,219,0,282,"Mon–Wed: 5:00 PM–10:00 PM, Thu–Fri: 5:00 PM–11:00 PM, Sat: 4:30 PM–11:00 PM, Sun: 10:00 AM–10:00 PM","['Price: $$$$', 'Credit Cards: Yes (incl. American Express & MasterCard)', 'Outdoor Seating: Yes', 'Wi-Fi: Yes', 'Brunch: Brunch', 'Lunch: Lunch', 'Dinner: Dinner', 'Wine: Wine', 'Full Bar: Full Bar', 'Cocktails: Cocktails']",$$$$,Yes (incl. American Express & MasterCard),Yes,Yes,Brunch,Lunch,Dinner,,Wine,Full Bar,Cocktails,,,,,,,,,,,,,,,,,,,,,,,
158,4ac7e2f3f964a52056ba20e3,3122668999,gibsonssteak,,121715574508823,True,,,265,,http://www.gibsonssteakhouse.com,4,678,9.0,1,1,0,898,0,614,Mon–Sun: 11:00 AM–Midnight,"['Price: $$$$', 'Credit Cards: Yes (incl. Discover & Visa)', 'Outdoor Seating: Yes', 'Live Music: Live Music', 'Brunch: Brunch', 'Lunch: Lunch', 'Dinner: Dinner', 'Happy Hour: Happy Hour', 'Beer: Beer', 'Wine: Wine', 'Full Bar: Full Bar', 'Cocktails: Cocktails']",$$$$,Yes (incl. Discover & Visa),Yes,,Brunch,Lunch,Dinner,Beer,Wine,Full Bar,Cocktails,,,,,Happy Hour,,,,Live Music,,,,,,,,,,,,,,
159,529d1c92498e1b216c0769f5,3129947100,,,,False,,,85,,http://nicoosteria.com,4,274,8.8,0,1,0,350,0,348,"Mon–Thu: 7:30 AM–11:00 PM, Fri–Sat: 7:30 AM–Midnight, Sun: 9:00 AM–11:00 PM","['Price: $$$$', 'Credit Cards: Yes', 'Outdoor Seating: No', 'Wi-Fi: Yes', 'Brunch: Brunch', 'Lunch: Lunch', 'Dinner: Dinner', 'Happy Hour: Happy Hour', 'Wine: Wine', 'Full Bar: Full Bar']",$$$$,Yes,No,Yes,Brunch,Lunch,Dinner,,Wine,Full Bar,,,,,,Happy Hour,,,,,,,,,,,,,,,,,,
160,4a736375f964a52054dc1fe3,3126400999,hugosfrog,,116451651708716,True,,,87,,http://www.hugosfrogbar.com,3,108,8.8,0,1,0,392,0,142,Mon–Sun: 11:00 AM–Midnight,"['Price: $$$', 'Credit Cards: Yes (incl. Discover & Visa)', 'Outdoor Seating: Yes', 'Live Music: Live Music', 'Brunch: Brunch', 'Lunch: Lunch', 'Dinner: Dinner', 'Happy Hour: Happy Hour', 'Beer: Beer', 'Wine: Wine', 'Full Bar: Full Bar', 'Cocktails: Cocktails']",$$$,Yes (incl. Discover & Visa),Yes,,Brunch,Lunch,Dinner,Beer,Wine,Full Bar,Cocktails,,,,,Happy Hour,,,,Live Music,,,,,,,,,,,,,,
161,4ad1278bf964a5201add20e3,3129440199,mariostable,,127708290689774,True,,,36,,http://www.mariostable.com,3,11,7.8,0,1,0,29,0,14,Mon–Sat: 4:30 PM–10:30 PM,"['Price: $$$', 'Credit Cards: Yes (incl. Discover & Visa)', 'Outdoor Seating: No', 'Music: No', 'Wine: Wine', 'Cocktails: Cocktails', 'Street Parking: Street', 'Public Lot: Public Lot', 'Restroom: Yes', 'Wheelchair Accessible: Yes', 'TVs: Yes']",$$$,Yes (incl. Discover & Visa),No,,,,,,Wine,,Cocktails,,,,,,Yes,Yes,,,Yes,,No,,,,,,Street,,,,,Public Lot
162,4176fc00f964a520b51d1fe3,3126649600,tavernonrush,,,True,,,110,,http://www.tavernonrush.com,3,342,8.4,1,1,0,593,0,151,"Mon–Fri: 11:00 AM–2:00 AM, Sat: 9:00 AM–3:00 AM, Sun: 9:00 AM–2:00 AM","['Price: $$$', 'Credit Cards: Yes (incl. Discover & Visa)', 'Outdoor Seating: Yes', 'Brunch: Brunch', 'Lunch: Lunch', 'Dinner: Dinner', 'Beer: Beer', 'Wine: Wine', 'Full Bar: Full Bar', 'Cocktails: Cocktails']",$$$,Yes (incl. Discover & Visa),Yes,,Brunch,Lunch,Dinner,Beer,Wine,Full Bar,Cocktails,,,,,,,,,,,,,,,,,,,,,,,
163,53ad9499498ed1411b89d336,3124450060,figandolive_usa,,1659330404143811,True,,,59,,http://www.figandolive.com,4,223,8.6,1,1,0,198,0,145,"Thu: 4:00 PM–8:00 PM, Fri: 4:00 PM–9:00 PM, Sat: Noon–9:00 PM, Sun: Noon–8:00 PM","['Price: $$$$', 'Credit Cards: Yes', 'Outdoor Seating: Yes', 'Private Room: Yes', 'Wine: Wine', 'Full Bar: Full Bar', 'Cocktails: Cocktails', 'Wheelchair Accessible: Yes']",$$$$,Yes,Yes,,,,,,Wine,Full Bar,Cocktails,,,,,,Yes,,Yes,,,,,,,,,,,,,,,
164,4a444bd6f964a5206ea71fe3,3129887676,rosebudchicago,,,True,,,73,,http://www.rosebudrestaurants.com,3,187,8.3,1,1,0,286,0,90,"Mon–Thu: 11:00 AM–Midnight, Fri: 11:00 AM–1:30 AM, Sat: 9:00 AM–1:30 AM, Sun: 9:00 AM–11:00 PM","['Price: $$$', 'Credit Cards: Yes (incl. Discover & Visa)', 'Outdoor Seating: Yes', 'Live Music: Live Music', 'Wi-Fi: Yes', 'Brunch: Brunch', 'Lunch: Lunch', 'Dinner: Dinner', 'Beer: Beer', 'Wine: Wine', 'Full Bar: Full Bar', 'Cocktails: Cocktails']",$$$,Yes (incl. Discover & Visa),Yes,Yes,Brunch,Lunch,Dinner,Beer,Wine,Full Bar,Cocktails,,,,,,,,,Live Music,,,,,,,,,,,,,,
165,40b28c80f964a520e4fb1ee3,3122550088,,,,False,,,85,,http://www.lecolonialchicago.com,3,287,9.1,1,1,0,365,0,396,"Mon–Thu, Sun: 11:00 AM–10:00 PM, Fri–Sat: 11:00 AM–11:00 PM","['Price: $$$', 'Credit Cards: Yes (incl. Discover & Visa)', 'Outdoor Seating: No', 'Brunch: Brunch', 'Lunch: Lunch', 'Dinner: Dinner', 'Wine: Wine', 'Cocktails: Cocktails']",$$$,Yes (incl. Discover & Visa),No,,Brunch,Lunch,Dinner,,Wine,,Cocktails,,,,,,,,,,,,,,,,,,,,,,,
166,4f19c4ac10812312e5316d39,3127994900,fourseasons,,106280431030,True,,,51,,http://alliumchicago.com,3,64,8.4,0,0,0,189,0,104,Mon–Sun: 6:30 AM–10:00 PM,"['Price: $$$', 'Credit Cards: Yes (incl. Discover & Visa)', 'Outdoor Seating: No', 'Brunch: Brunch', 'Lunch: Lunch', 'Dinner: Dinner']",$$$,Yes (incl. Discover & Visa),No,,Brunch,Lunch,Dinner,,,,,,,,,,,,,,,,,,,,,,,,,,,
167,59516ef0e2ead15bbf4969ec,3126251324,margeauxchicago,margeauxchicago,686449824867527,False,,,13,,https://www.michaelmina.net/restaurants/margeaux-brasserie/,3,22,8.3,0,0,0,35,0,58,"Mon–Thu, Sun: 7:00 AM–Midnight, Fri–Sat: 7:00 AM–1:00 AM","['Price: $$$', 'Breakfast: Breakfast', 'Brunch: Brunch', 'Lunch: Lunch', 'Dinner: Dinner']",$$$,,,,Brunch,Lunch,Dinner,,,,,,,Breakfast,,,,,,,,,,,,,,,,,,,,
168,4e50440445ddff0031cce4d3,3127879596,signatureroom95,,323202106494,False,,,157,,http://www.signatureroom.com,3,504,8.4,0,1,0,2255,0,526,"Mon–Thu, Sun: 10:00 AM–10:00 PM, Fri–Sat: 11:00 AM–11:00 PM","['Price: $$$', 'Credit Cards: Yes (incl. Discover & Visa)', 'Outdoor Seating: No', 'Wi-Fi: Yes', 'Lunch: Lunch', 'Dinner: Dinner', 'Beer: Beer', 'Wine: Wine', 'Full Bar: Full Bar', 'Cocktails: Cocktails']",$$$,Yes (incl. Discover & Visa),No,Yes,,Lunch,Dinner,Beer,Wine,Full Bar,Cocktails,,,,,,,,,,,,,,,,,,,,,,,
169,4ac4062bf964a520e89d20e3,3123971000,rosebudchicago,,,True,,,29,,http://www.rosebudrestaurants.com,3,49,8.0,1,1,0,94,0,38,"Mon–Thu: 11:30 AM–11:00 PM, Fri–Sat: 11:30 AM–Midnight, Sun: 10:00 AM–10:00 PM","['Price: $$$', 'Credit Cards: Yes (incl. Discover & Visa)', 'Outdoor Seating: No', 'Wi-Fi: Yes', 'Dinner: Dinner', 'Wine: Wine', 'Full Bar: Full Bar', 'Cocktails: Cocktails']",$$$,Yes (incl. Discover & Visa),No,Yes,,,Dinner,,Wine,Full Bar,Cocktails,,,,,,,,,,,,,,,,,,,,,,,
170,4ec316c49a524f6c471eaa9a,3124828800,mia_francesca,,,True,,,23,,http://www.miafrancesca.com,3,70,8.4,0,1,0,81,0,19,"Mon–Thu: 11:00 AM–10:00 PM, Fri–Sat: 11:00 AM–11:00 PM, Sun: 11:00 AM–9:00 PM","['Price: $$$', 'Credit Cards: Yes (incl. Discover & Visa)', 'Outdoor Seating: No', 'Live Music: Live Music', 'Brunch: Brunch', 'Lunch: Lunch', 'Dinner: Dinner', 'Happy Hour: Happy Hour', 'Full Bar: Full Bar', 'Cocktails: Cocktails']",$$$,Yes (incl. Discover & Visa),No,,Brunch,Lunch,Dinner,,,Full Bar,Cocktails,,,,,Happy Hour,,,,Live Music,,,,,,,,,,,,,,
171,4b5a0b6df964a520b8a928e3,3126643663,kamehachi,,,True,,,76,,http://www.kamehachi.com,3,104,7.9,1,1,0,203,0,60,Mon–Sun: 11:30 AM–Midnight,"['Price: $$$', 'Credit Cards: Yes (incl. Discover & Visa)', 'Outdoor Seating: Yes', 'Brunch: Brunch', 'Dinner: Dinner', 'Cocktails: Cocktails']",$$$,Yes (incl. Discover & Visa),Yes,,Brunch,,Dinner,,,,Cocktails,,,,,,,,,,,,,,,,,,,,,,,
172,5a10e6f0e2d4aa6ddd4f5de5,,,,,False,,,12,,,3,16,8.0,0,0,0,17,0,10,Couldn't get hours.,"['Price: $$$', 'Credit Cards: Yes', 'Private Room: Yes', 'Live Music: Live Music', 'Lunch: Lunch', 'Dinner: Dinner', 'Beer: Beer', 'Wine: Wine', 'Full Bar: Full Bar', 'Cocktails: Cocktails', 'Bar Service: Bar Service', 'Valet Parking: Valet', 'Coat Check: Yes', 'Restroom: Yes']",$$$,Yes,,,,Lunch,Dinner,Beer,Wine,Full Bar,Cocktails,,,,,,,,Yes,Live Music,Yes,,,Bar Service,Yes,,,,,Valet,,,,
173,597ce4e0dd84420c834bb970,3125735160,toralichicago,,115244092418290,True,,,3,,http://www.ritzcarlton.com/en/hotels/chicago/dining/torali/?y_source=1_MTA3NzM0MDctNDQwLWxvY2F0aW9uLndlYnNpdGU=,4,9,7.6,0,1,0,18,0,8,"Mon–Thu, Sun: 6:30 AM–10:00 PM, Fri–Sat: 6:30 AM–11:00 PM","['Price: $$$$', 'Private Room: Yes', 'Jukebox: Jukebox', 'Valet Parking: Valet', 'Coat Check: Yes', 'Restroom: Yes', 'Wheelchair Accessible: Yes', 'ATM: Yes']",$$$$,,,,,,,,,,,,Yes,,,,Yes,,Yes,,Yes,Jukebox,,,Yes,,,,,Valet,,,,
174,4686299bf964a5203a481fe3,3128670110,alinea,,,False,,,141,,http://www.alinea-restaurant.com,4,358,9.1,1,1,0,764,0,1613,Wed–Sun: 5:00 PM–Midnight,"['Price: $$$$', 'Reservations: Yes', 'Credit Cards: Yes (incl. Discover & Visa)', 'Outdoor Seating: No', 'Dinner: Dinner', 'Wine: Wine', 'Full Bar: Full Bar', 'Cocktails: Cocktails']",$$$$,Yes (incl. Discover & Visa),No,,,,Dinner,,Wine,Full Bar,Cocktails,Yes,,,,,,,,,,,,,,,,,,,,,,
175,4a598740f964a5206fb91fe3,3123376070,giuseppetentori,,,True,,,98,,http://www.bokachicago.com,3,220,9.1,0,1,0,278,0,555,"Mon–Thu, Sun: 5:00 PM–9:00 PM, Fri–Sat: 5:00 PM–10:00 PM","['Price: $$$', 'Credit Cards: Yes (incl. Discover & Visa)', 'Outdoor Seating: Yes', 'Dinner: Dinner', 'Wine: Wine', 'Full Bar: Full Bar', 'Cocktails: Cocktails']",$$$,Yes (incl. Discover & Visa),Yes,,,,Dinner,,Wine,Full Bar,Cocktails,,,,,,,,,,,,,,,,,,,,,,,
176,56180447498e0a396cf8ec93,3129293952,earlslincoln,,,False,,,14,,https://earls.ca,3,62,8.2,1,1,0,65,0,26,"Mon–Thu: 11:30 AM–10:00 PM, Fri: 11:30 AM–Midnight, Sat: 11:00 AM–Midnight, Sun: 11:00 AM–10:00 PM","['Price: $$$', 'Outdoor Seating: Yes', 'Wi-Fi: Yes', 'Brunch: Brunch', 'Lunch: Lunch', 'Dinner: Dinner', 'Happy Hour: Happy Hour', 'Full Bar: Full Bar', 'Cocktails: Cocktails']",$$$,,Yes,Yes,Brunch,Lunch,Dinner,,,Full Bar,Cocktails,,,,,Happy Hour,,,,,,,,,,,,,,,,,,
177,4b09de84f964a520f31e23e3,7732819101,gejascafe,,,True,,,58,,http://www.gejascafe.com,3,151,8.6,1,1,0,176,0,158,"Mon–Thu: 5:00 PM–10:00 PM, Fri: 5:00 PM–11:00 PM, Sat: 5:00 PM–11:30 PM, Sun: 4:30 PM–9:30 PM","['Price: $$$', 'Credit Cards: Yes (incl. Discover & Visa)', 'Outdoor Seating: No', 'Dinner: Dinner', 'Wine: Wine', 'Full Bar: Full Bar', 'Cocktails: Cocktails']",$$$,Yes (incl. Discover & Visa),No,,,,Dinner,,Wine,Full Bar,Cocktails,,,,,,,,,,,,,,,,,,,,,,,
178,54cd1810498e27d620985fe6,8728293971,,,1395910034035250,False,,,4,,http://www.theblanchardchicago.com,3,29,8.4,0,1,0,16,0,33,"Tue–Thu, Sun: 5:00 PM–10:00 PM, Fri–Sat: 5:00 PM–11:00 PM","['Price: $$$', 'Credit Cards: Yes', 'Outdoor Seating: Yes', 'Full Bar: Full Bar', 'Cocktails: Cocktails']",$$$,Yes,Yes,,,,,,,Full Bar,Cocktails,,,,,,,,,,,,,,,,,,,,,,,
179,52695b4e11d28591d6794c24,7736344100,summerhousesm,,190913467759318,False,,,135,,http://www.summerhousesm.com,3,532,8.8,1,1,0,490,0,426,"Mon–Thu: 11:00 AM–10:00 PM, Fri: 11:00 AM–11:00 PM, Sat: 9:00 AM–11:00 PM, Sun: 9:00 AM–9:00 PM","['Price: $$$', 'Credit Cards: Yes (incl. Discover & Visa)', 'Outdoor Seating: Yes', 'Music: Yes', 'Wi-Fi: Free', 'Breakfast: Breakfast', 'Brunch: Brunch', 'Lunch: Lunch', 'Dinner: Dinner', 'Dessert: Dessert', 'Happy Hour: Happy Hour', 'Beer: Beer', 'Wine: Wine', 'Full Bar: Full Bar', 'Cocktails: Cocktails', 'Bar Service: Bar Service', 'Delivery: Delivery', 'Street Parking: Street', 'Valet Parking: Valet', 'Restroom: Yes', 'Wheelchair Accessible: Yes', 'TVs: Yes']",$$$,Yes (incl. Discover & Visa),Yes,Free,Brunch,Lunch,Dinner,Beer,Wine,Full Bar,Cocktails,,,Breakfast,Dessert,Happy Hour,Yes,Yes,,,Yes,,Yes,Bar Service,,,,Delivery,Street,Valet,,,,
180,52914387498e470999432c33,7736344101,stellabarrachi,,199794716872975,False,,,40,,http://www.stellabarra.com,3,144,8.2,1,0,0,141,0,115,"Mon–Thu: 11:00 AM–9:00 PM, Fri: 11:00 AM–10:00 PM, Sat: 9:00 AM–10:00 PM, Sun: 9:00 AM–8:00 PM","['Price: $$$', 'Credit Cards: Yes (incl. Discover & Visa)', 'Outdoor Seating: Yes', 'Wi-Fi: Yes', 'Dinner: Dinner', 'Beer: Beer', 'Wine: Wine', 'Full Bar: Full Bar', 'Cocktails: Cocktails']",$$$,Yes (incl. Discover & Visa),Yes,Yes,,,Dinner,Beer,Wine,Full Bar,Cocktails,,,,,,,,,,,,,,,,,,,,,,,
181,4b5f9e9ef964a520ffc429e3,7735490038,,,,True,,,26,,http://riccardotrattoria.com,3,58,8.6,1,1,0,29,0,117,"Mon–Thu, Sun: 5:00 PM–10:00 PM, Fri–Sat: 5:00 PM–11:00 PM","['Price: $$$', 'Credit Cards: Yes (incl. American Express)', 'Outdoor Seating: Yes', 'Dinner: Dinner', 'Wine: Wine', 'Full Bar: Full Bar', 'Cocktails: Cocktails']",$$$,Yes (incl. American Express),Yes,,,,Dinner,,Wine,Full Bar,Cocktails,,,,,,,,,,,,,,,,,,,,,,,
182,4b49280bf964a520216826e3,3122661976,trattoriagianni,,160587237287945,True,,,12,,http://trattoriagianni.com,3,22,7.0,1,1,0,35,0,8,Couldn't get hours.,"['Price: $$$', 'Credit Cards: Yes (incl. Discover & Visa)', 'Outdoor Seating: Yes', 'Dinner: Dinner']",$$$,Yes (incl. Discover & Visa),Yes,,,,Dinner,,,,,,,,,,,,,,,,,,,,,,,,,,,
183,50a43e59e4b0cbb1fa8d5e32,7735495010,,,,False,,,8,,http://www.riccardoenoteca.com,3,18,6.9,1,1,0,24,0,21,"Mon–Thu: 4:00 PM–9:30 PM, Fri–Sat: 4:00 PM–10:30 PM, Sun: 4:00 PM–9:00 PM","['Price: $$$', 'Credit Cards: Yes', 'Outdoor Seating: No', 'Dinner: Dinner']",$$$,Yes,No,,,,Dinner,,,,,,,,,,,,,,,,,,,,,,,,,,,
184,592e1b63fc9e94787f6909d9,7732715050,lgsbarchicago,lgsbarchicago,1048646125268955,False,,,11,,http://ladygregorys.com/restaurant/lgot,3,11,6.4,0,1,0,32,0,7,"Mon–Wed: 4:00 PM–12:30 AM, Thu: 4:00 PM–1:30 AM, Fri: 4:00 PM–2:00 AM, Sat: 10:00 AM–3:00 AM, Sun: 10:00 AM–12:30 AM","['Price: $$$', 'Reservations: Yes', 'Credit Cards: Yes', 'Outdoor Seating: Yes', 'Private Room: Yes', 'Music: Yes', 'Beer: Beer', 'Wine: Wine', 'Full Bar: Full Bar', 'Cocktails: Cocktails', 'Restroom: Yes', 'Wheelchair Accessible: Yes', 'TVs: Yes']",$$$,Yes,Yes,,,,,Beer,Wine,Full Bar,Cocktails,Yes,,,,,Yes,Yes,Yes,,Yes,,Yes,,,,,,,,,,,
185,51d9e996498e240a72ed0260,,,,,False,,,2,,,3,7,6.3,0,0,0,10,0,1,Couldn't get hours.,"['Price: $$$', 'Reservations: Yes', 'Credit Cards: Yes', 'Outdoor Seating: Yes', 'Wi-Fi: No', 'Beer: Beer']",$$$,Yes,Yes,No,,,,Beer,,,,Yes,,,,,,,,,,,,,,,,,,,,,,
186,55f74eb2498e93c8d3b5a92c,,,,,False,,,0,,,3,0,,0,0,0,2,0,1,Couldn't get hours.,['Price: $$$'],$$$,,,,,,,,,,,,,,,,,,,,,,,,,,,,,,,,,
187,5bff48b93092be00397d138f,7732481737,,crabcellar,547493525707275,False,,,1,,https://www.crabcellar.com,3,2,,0,1,0,8,0,11,"Wed–Thu: 5:00 PM–8:30 PM, Fri–Sat: 5:00 PM–10:00 PM, Sun: 4:00 PM–8:00 PM","['Price: $$$', 'Reservations: Yes', 'Outdoor Seating: No', 'Dinner: Dinner', 'Beer: Beer', 'Wine: Wine', 'Cocktails: Cocktails']",$$$,,No,,,,Dinner,Beer,Wine,,Cocktails,Yes,,,,,,,,,,,,,,,,,,,,,,
188,5ef36595e2561200077c5a9b,,,,,False,,,2,,,3,1,,1,0,0,4,0,0,Couldn't get hours.,['Price: $$$'],$$$,,,,,,,,,,,,,,,,,,,,,,,,,,,,,,,,,
189,5b4804edc0af57002c6bf071,,,,,False,,,12,,http://ettarestaurant.com,3,71,8.9,1,0,0,81,0,128,"Mon–Thu: 5:00 PM–10:00 PM, Fri: 4:30 PM–11:00 PM, Sat–Sun: 10:00 AM–9:00 PM","['Price: $$$', 'Brunch: Brunch', 'Lunch: Lunch', 'Dinner: Dinner']",$$$,,,,Brunch,Lunch,Dinner,,,,,,,,,,,,,,,,,,,,,,,,,,,
190,46b0836bf964a5208c491fe3,7732894991,laspalmasdining,,205922076118980,True,,,25,,http://www.laspalmaschicago.com,3,100,8.9,1,1,0,105,0,84,"Mon–Tue: 5:00 PM–9:00 PM, Wed–Fri: 11:00 AM–11:00 PM, Sat: 10:00 AM–11:00 PM, Sun: 10:00 AM–9:30 PM","['Price: $$$', 'Reservations: Yes', 'Credit Cards: Yes (incl. Discover & Visa)', 'Outdoor Seating: Yes', 'Live Music: Live Music', 'Brunch: Brunch', 'Dinner: Dinner', 'Beer: Beer', 'Wine: Wine', 'Full Bar: Full Bar', 'Cocktails: Cocktails']",$$$,Yes (incl. Discover & Visa),Yes,,Brunch,,Dinner,Beer,Wine,Full Bar,Cocktails,Yes,,,,,,,,Live Music,,,,,,,,,,,,,,
191,4b2e8c64f964a5203ce224e3,7732929700,,,,False,,,26,,http://www.luciaschicago.com,3,23,7.6,0,1,0,35,0,17,"Mon–Fri: 11:00 AM–10:00 PM, Sat: 11:00 AM–11:00 PM","['Price: $$$', 'Reservations: Yes', 'Credit Cards: Yes (incl. American Express)', 'Outdoor Seating: Yes', 'Brunch: Brunch', 'Lunch: Lunch', 'Dinner: Dinner', 'BYO: BYO']",$$$,Yes (incl. American Express),Yes,,Brunch,Lunch,Dinner,,,,,Yes,,,,,,,,,,,,,,,,,,,BYO,,,
192,4b162e82f964a52063b723e3,7732760170,riosdsudamerica,,295322850491432,False,,,20,,http://www.riosdesudamerica.com,3,14,6.8,0,1,0,27,0,11,"Mon–Thu: 1:00 PM–10:00 PM, Fri–Sat: 1:00 PM–Midnight, Sun: Noon–3:00 PM","['Price: $$$', 'Credit Cards: Yes (incl. Discover & Visa)', 'Outdoor Seating: No', 'Brunch: Brunch', 'Dinner: Dinner', 'Full Bar: Full Bar', 'Cocktails: Cocktails']",$$$,Yes (incl. Discover & Visa),No,,Brunch,,Dinner,,,Full Bar,Cocktails,,,,,,,,,,,,,,,,,,,,,,,
193,4ca91a53a6e08cfa322c9694,7732785555,,,,False,,,2,,,3,2,,1,1,0,3,0,0,Couldn't get hours.,['Price: $$$'],$$$,,,,,,,,,,,,,,,,,,,,,,,,,,,,,,,,,
194,4f328e9c19836c91c7e36d9d,7734868870,,,,False,,,0,,http://www.andysdeli.com,4,1,,1,1,0,0,0,0,Couldn't get hours.,['Price: $$$$'],$$$$,,,,,,,,,,,,,,,,,,,,,,,,,,,,,,,,,
195,4c6b0b116d390f4708ed099a,3126608866,florentineresto,,140691045982999,True,,,51,,https://the-florentine.net,3,62,7.9,1,1,0,53,0,47,"Mon–Sun: 7:30 AM–2:00 PM, 5:00 PM–9:00 PM","['Price: $$$', 'Credit Cards: Yes (incl. Discover & Visa)', 'Outdoor Seating: No', 'Brunch: Brunch', 'Lunch: Lunch', 'Dinner: Dinner', 'Happy Hour: Happy Hour', 'Beer: Beer', 'Wine: Wine', 'Cocktails: Cocktails']",$$$,Yes (incl. Discover & Visa),No,,Brunch,Lunch,Dinner,Beer,Wine,,Cocktails,,,,,Happy Hour,,,,,,,,,,,,,,,,,,
196,5755b556498ea375c5d4baac,3123841242,thedearbornchi,,545149458968179,False,,,47,,http://www.thedearborntavern.com,3,181,9.0,1,1,0,252,0,171,"Mon–Thu, Sun: 11:00 AM–10:30 PM, Fri–Sat: 11:00 AM–Midnight","['Price: $$$', 'Credit Cards: Yes', 'Outdoor Seating: No', 'Wi-Fi: No', 'Brunch: Brunch', 'Lunch: Lunch', 'Dinner: Dinner', 'Full Bar: Full Bar', 'Cocktails: Cocktails']",$$$,Yes,No,No,Brunch,Lunch,Dinner,,,Full Bar,Cocktails,,,,,,,,,,,,,,,,,,,,,,,
197,4ad91beff964a5202e1821e3,3125272722,,,,True,,,209,,http://www.shawscrabhouse.com,3,693,9.3,1,1,0,905,0,527,"Mon–Thu: 11:30 AM–10:00 PM, Fri: 11:30 AM–11:00 PM, Sat: 5:00 PM–11:00 PM, Sun: 10:00 AM–9:00 PM","['Price: $$$', 'Credit Cards: Yes (incl. Discover & Visa)', 'Outdoor Seating: No', 'Live Music: Live Music', 'Wi-Fi: No', 'Brunch: Brunch', 'Lunch: Lunch', 'Dinner: Dinner', 'Happy Hour: Happy Hour', 'Beer: Beer', 'Wine: Wine', 'Full Bar: Full Bar', 'Cocktails: Cocktails']",$$$,Yes (incl. Discover & Visa),No,No,Brunch,Lunch,Dinner,Beer,Wine,Full Bar,Cocktails,,,,,Happy Hour,,,,Live Music,,,,,,,,,,,,,,
198,59deb72f061b514b32a062af,,,,,False,,,19,,,4,74,9.0,0,1,0,117,0,76,"Mon–Wed, Sun: 11:00 AM–11:30 PM, Thu–Sat: 11:00 AM–Midnight","['Price: $$$$', 'Brunch: Brunch', 'Lunch: Lunch', 'Dinner: Dinner', 'Wine: Wine']",$$$$,,,,Brunch,Lunch,Dinner,,Wine,,,,,,,,,,,,,,,,,,,,,,,,,
199,49ebe487f964a52043671fe3,7733488886,monamigabichi,,53356164403,False,,,56,,http://www.monamigabi.com,3,164,9.3,1,1,0,134,0,223,"Mon–Thu: 4:30 PM–8:30 PM, Fri: 4:30 PM–9:00 PM, Sat: 4:00 PM–9:00 PM, Sun: 11:00 AM–8:30 PM","['Price: $$$', 'Credit Cards: Yes (incl. Discover & Visa)', 'Outdoor Seating: Yes', 'Wi-Fi: Yes', 'Brunch: Brunch', 'Dinner: Dinner', 'Wine: Wine', 'Full Bar: Full Bar', 'Cocktails: Cocktails']",$$$,Yes (incl. Discover & Visa),Yes,Yes,Brunch,,Dinner,,Wine,Full Bar,Cocktails,,,,,,,,,,,,,,,,,,,,,,,
